-- 1. AUTH 테이블 더미데이터
INSERT INTO auth (email)
VALUES ('user1@example.com'),
       ('user2@example.com'),
       ('user3@example.com'),
       ('user4@example.com'),
       ('user5@example.com'),
       ('user6@example.com'),
       ('user7@example.com'),
       ('user8@example.com'),
       ('user9@example.com'),
       ('user10@example.com'),
       ('user11@example.com'),
       ('user12@example.com'),
       ('user13@example.com'),
       ('user14@example.com'),
       ('user15@example.com'),
       ('user16@example.com'),
       ('user17@example.com'),
       ('user18@example.com'),
       ('user19@example.com'),
       ('user20@example.com'),
       ('user21@example.com'),
       ('user22@example.com'),
       ('user23@example.com'),
       ('user24@example.com'),
       ('user25@example.com'),
       ('user26@example.com'),
       ('user27@example.com'),
       ('user28@example.com'),
       ('user29@example.com'),
       ('user30@example.com'),
       ('user31@example.com'),
       ('user32@example.com'),
       ('user33@example.com'),
       ('user34@example.com'),
       ('user35@example.com'),
       ('user36@example.com'),
       ('user37@example.com'),
       ('user38@example.com'),
       ('user39@example.com'),
       ('user40@example.com'),
       ('user41@example.com'),
       ('user42@example.com'),
       ('user43@example.com'),
       ('user44@example.com'),
       ('user45@example.com'),
       ('user46@example.com'),
       ('user47@example.com'),
       ('user48@example.com'),
       ('user49@example.com'),
       ('user50@example.com'),
       ('user51@example.com'),
       ('user52@example.com'),
       ('user53@example.com'),
       ('user54@example.com'),
       ('user55@example.com'),
       ('user56@example.com'),
       ('user57@example.com'),
       ('user58@example.com'),
       ('user59@example.com'),
       ('user60@example.com'),
       ('user61@example.com'),
       ('user62@example.com'),
       ('user63@example.com'),
       ('user64@example.com'),
       ('user65@example.com'),
       ('user66@example.com'),
       ('user67@example.com'),
       ('user68@example.com'),
       ('user69@example.com'),
       ('user70@example.com'),
       ('user71@example.com'),
       ('user72@example.com'),
       ('user73@example.com'),
       ('user74@example.com'),
       ('user75@example.com'),
       ('user76@example.com'),
       ('user77@example.com'),
       ('user78@example.com'),
       ('user79@example.com'),
       ('user80@example.com'),
       ('user81@example.com'),
       ('user82@example.com'),
       ('user83@example.com'),
       ('user84@example.com'),
       ('user85@example.com'),
       ('user86@example.com'),
       ('user87@example.com'),
       ('user88@example.com'),
       ('user89@example.com'),
       ('user90@example.com'),
       ('user91@example.com'),
       ('user92@example.com'),
       ('user93@example.com'),
       ('user94@example.com'),
       ('user95@example.com'),
       ('user96@example.com'),
       ('user97@example.com'),
       ('user98@example.com'),
       ('user99@example.com'),
       ('user100@example.com'),
       ('user101@example.com'),
       ('user102@example.com'),
       ('user103@example.com'),
       ('user104@example.com'),
       ('user105@example.com'),
       ('user106@example.com'),
       ('user107@example.com'),
       ('user108@example.com'),
       ('user109@example.com'),
       ('user110@example.com'),
       ('user111@example.com'),
       ('user112@example.com'),
       ('user113@example.com'),
       ('user114@example.com'),
       ('user115@example.com'),
       ('user116@example.com'),
       ('user117@example.com'),
       ('user118@example.com'),
       ('user119@example.com'),
       ('user120@example.com'),
       ('user121@example.com'),
       ('user122@example.com'),
       ('user123@example.com'),
       ('user124@example.com'),
       ('user125@example.com'),
       ('user126@example.com'),
       ('user127@example.com'),
       ('user128@example.com'),
       ('user129@example.com'),
       ('user130@example.com'),
       ('user131@example.com'),
       ('user132@example.com'),
       ('user133@example.com'),
       ('user134@example.com'),
       ('user135@example.com'),
       ('user136@example.com'),
       ('user137@example.com'),
       ('user138@example.com'),
       ('user139@example.com'),
       ('user140@example.com'),
       ('user141@example.com'),
       ('user142@example.com'),
       ('user143@example.com'),
       ('user144@example.com'),
       ('user145@example.com'),
       ('user146@example.com'),
       ('user147@example.com'),
       ('user148@example.com'),
       ('user149@example.com'),
       ('user150@example.com'),
       ('user151@example.com'),
       ('user152@example.com'),
       ('user153@example.com'),
       ('user154@example.com'),
       ('user155@example.com'),
       ('user156@example.com'),
       ('user157@example.com'),
       ('user158@example.com'),
       ('user159@example.com'),
       ('user160@example.com'),
       ('user161@example.com'),
       ('user162@example.com'),
       ('user163@example.com'),
       ('user164@example.com'),
       ('user165@example.com'),
       ('user166@example.com'),
       ('user167@example.com'),
       ('user168@example.com'),
       ('user169@example.com'),
       ('user170@example.com'),
       ('user171@example.com'),
       ('user172@example.com'),
       ('user173@example.com'),
       ('user174@example.com'),
       ('user175@example.com'),
       ('user176@example.com'),
       ('user177@example.com'),
       ('user178@example.com'),
       ('user179@example.com'),
       ('user180@example.com'),
       ('user181@example.com'),
       ('user182@example.com'),
       ('user183@example.com'),
       ('user184@example.com'),
       ('user185@example.com'),
       ('user186@example.com'),
       ('user187@example.com'),
       ('user188@example.com'),
       ('user189@example.com'),
       ('user190@example.com'),
       ('user191@example.com'),
       ('user192@example.com'),
       ('user193@example.com'),
       ('user194@example.com'),
       ('user195@example.com'),
       ('user196@example.com'),
       ('user197@example.com'),
       ('user198@example.com'),
       ('user199@example.com'),
       ('user200@example.com');

-- 2. OWNER 테이블 더미데이터
INSERT INTO owner (auth_id, name, phone, birth)
VALUES (1, '김민수', '010-1551-6426', '2004-01-06'),
       (2, '이영희', '010-2163-8174', '2006-08-25'),
       (3, '박철수', '010-1218-5433', '2004-07-07'),
       (4, '최지연', '010-6804-6785', '2005-01-09'),
       (5, '정민호', '010-9232-1900', '2000-03-10'),
       (6, '강수진', '010-9429-4750', '1990-09-10'),
       (7, '조영진', '010-7119-7359', '2003-09-05'),
       (8, '윤서연', '010-9254-8103', '1990-06-26'),
       (9, '장민석', '010-3604-4011', '2009-01-25'),
       (10, '한지우', '010-4783-1325', '2007-08-01'),
       (11, '신동현', '010-6341-3959', '1970-04-18'),
       (12, '오미진', '010-3269-7490', '2005-05-13'),
       (13, '임재훈', '010-8819-4887', '1994-04-07'),
       (14, '송하영', '010-5566-2735', '2009-02-12'),
       (15, '노성민', '010-6969-9493', '1970-02-06'),
       (16, '안효정', '010-4295-3119', '1971-10-02'),
       (17, '배준혁', '010-7514-8694', '1991-07-11'),
       (18, '원지은', '010-4200-3301', '1998-09-19'),
       (19, '홍성우', '010-9271-1047', '2004-06-08'),
       (20, '문예린', '010-3969-3887', '1979-06-12'),
       (21, '서태준', '010-4610-4300', '1992-12-24'),
       (22, '권민아', '010-8490-5125', '1979-02-24'),
       (23, '유현우', '010-6168-4718', '1984-03-28'),
       (24, '백소영', '010-2743-1961', '1972-09-26'),
       (25, '남기석', '010-8803-1622', '2001-02-17'),
       (26, '황지수', '010-2594-1913', '1976-03-25'),
       (27, '전민재', '010-5573-7419', '1990-11-08'),
       (28, '곽은비', '010-9312-7846', '1995-12-07'),
       (29, '마성호', '010-1789-6578', '1988-10-10'),
       (30, '구지윤', '010-1098-5389', '1972-05-01'),
       (31, '심재원', '010-4780-5038', '1989-02-23'),
       (32, '지민경', '010-9423-2052', '2003-12-12'),
       (33, '엄태현', '010-2821-4230', '1980-05-27'),
       (34, '갈수빈', '010-4694-3810', '2005-03-04'),
       (35, '변준서', '010-5865-1121', '2005-02-22'),
       (36, '표시연', '010-2032-1102', '1986-02-24'),
       (37, '양민규', '010-8450-8077', '1974-06-11'),
       (38, '반예진', '010-9772-2447', '1976-10-08'),
       (39, '나호진', '010-2368-7625', '1983-08-28'),
       (40, '채서진', '010-2256-4365', '1978-01-26'),
       (41, '김민수', '010-5397-1053', '1981-05-11'),
       (42, '이영희', '010-1293-6383', '2008-07-06'),
       (43, '박철수', '010-9989-2713', '1990-07-20'),
       (44, '최지연', '010-3489-3001', '1971-03-26'),
       (45, '정민호', '010-1364-9103', '1973-05-06'),
       (46, '강수진', '010-7465-7844', '2006-10-28'),
       (47, '조영진', '010-8559-3261', '1990-11-13'),
       (48, '윤서연', '010-3501-1900', '2008-04-24'),
       (49, '장민석', '010-2293-5863', '1994-09-10'),
       (50, '한지우', '010-9726-5267', '1981-09-12'),
       (51, '신동현', '010-5259-2541', '2006-02-22'),
       (52, '오미진', '010-7120-4842', '1986-05-14'),
       (53, '임재훈', '010-9367-3561', '1990-11-15'),
       (54, '송하영', '010-6953-4668', '1992-01-11'),
       (55, '노성민', '010-9298-8300', '2007-10-11'),
       (56, '안효정', '010-8106-2058', '1980-07-24'),
       (57, '배준혁', '010-7220-8590', '1984-11-16'),
       (58, '원지은', '010-4463-7634', '1993-08-19'),
       (59, '홍성우', '010-5484-9953', '2002-12-26'),
       (60, '문예린', '010-7021-8354', '2009-11-28'),
       (61, '서태준', '010-5871-8920', '1992-04-18'),
       (62, '권민아', '010-7928-7572', '1983-02-14'),
       (63, '유현우', '010-2698-6172', '1992-02-23'),
       (64, '백소영', '010-4339-7838', '1984-08-26'),
       (65, '남기석', '010-2366-8116', '2000-08-05'),
       (66, '황지수', '010-5781-3149', '1999-07-20'),
       (67, '전민재', '010-5329-9015', '1970-04-18'),
       (68, '곽은비', '010-1659-8558', '1999-04-25'),
       (69, '마성호', '010-9553-4139', '2006-03-25'),
       (70, '구지윤', '010-4510-8271', '1985-11-21'),
       (71, '심재원', '010-3345-8707', '1983-05-14'),
       (72, '지민경', '010-5003-6544', '2008-07-12'),
       (73, '엄태현', '010-2799-9723', '2003-07-03'),
       (74, '갈수빈', '010-6558-3359', '1977-12-28'),
       (75, '변준서', '010-5644-6688', '1995-11-12'),
       (76, '표시연', '010-2110-9136', '1992-07-24'),
       (77, '양민규', '010-9358-5457', '1984-01-06'),
       (78, '반예진', '010-5847-1789', '1970-02-11'),
       (79, '나호진', '010-4166-5386', '1996-09-28'),
       (80, '채서진', '010-6018-5365', '2007-08-19'),
       (81, '김민수', '010-5351-5749', '1996-11-09'),
       (82, '이영희', '010-7822-6408', '2002-01-15'),
       (83, '박철수', '010-4851-3151', '1999-06-04'),
       (84, '최지연', '010-3763-1115', '2002-05-07'),
       (85, '정민호', '010-2433-6750', '2004-09-06'),
       (86, '강수진', '010-7099-9391', '1981-08-18'),
       (87, '조영진', '010-3021-7101', '1974-11-10'),
       (88, '윤서연', '010-9213-6628', '1971-11-06'),
       (89, '장민석', '010-2437-3693', '1970-08-11'),
       (90, '한지우', '010-3936-1328', '1991-10-02'),
       (91, '신동현', '010-5495-6185', '1992-02-02'),
       (92, '오미진', '010-9380-7464', '1998-06-25'),
       (93, '임재훈', '010-1792-3427', '1974-04-20'),
       (94, '송하영', '010-8806-2934', '1992-02-23'),
       (95, '노성민', '010-7137-2250', '2004-01-10'),
       (96, '안효정', '010-2680-4061', '1993-12-04'),
       (97, '배준혁', '010-8957-7335', '2007-01-01'),
       (98, '원지은', '010-3883-4555', '1978-10-08'),
       (99, '홍성우', '010-6582-4167', '2008-03-16'),
       (100, '문예린', '010-6818-1116', '1995-01-08'),
       (101, '서태준', '010-6055-9256', '1981-09-03'),
       (102, '권민아', '010-7337-5456', '1983-04-14'),
       (103, '유현우', '010-2913-5078', '2008-10-10'),
       (104, '백소영', '010-6411-6635', '1998-04-27'),
       (105, '남기석', '010-3761-5822', '1978-06-23'),
       (106, '황지수', '010-2054-9569', '2002-10-11'),
       (107, '전민재', '010-8729-1445', '1984-03-12'),
       (108, '곽은비', '010-5483-4235', '1980-12-17'),
       (109, '마성호', '010-7304-6366', '1974-04-23'),
       (110, '구지윤', '010-1401-1001', '1984-01-24'),
       (111, '심재원', '010-6402-8866', '1980-05-27'),
       (112, '지민경', '010-2589-3898', '1997-12-13'),
       (113, '엄태현', '010-7267-5264', '1993-03-09'),
       (114, '갈수빈', '010-6457-7042', '2000-08-04'),
       (115, '변준서', '010-9739-6913', '2002-07-15'),
       (116, '표시연', '010-3795-9806', '1971-09-11'),
       (117, '양민규', '010-5226-4214', '1978-03-04'),
       (118, '반예진', '010-8678-4131', '2008-11-12'),
       (119, '나호진', '010-5244-8137', '1995-02-09'),
       (120, '채서진', '010-4349-6522', '1995-09-01'),
       (121, '김민수', '010-2166-7460', '2007-04-08'),
       (122, '이영희', '010-1211-2195', '1971-09-13'),
       (123, '박철수', '010-9929-8216', '1989-08-05'),
       (124, '최지연', '010-4508-4678', '1973-01-01'),
       (125, '정민호', '010-3762-2821', '2004-12-13'),
       (126, '강수진', '010-8062-7290', '1982-10-25'),
       (127, '조영진', '010-9202-5055', '1990-07-28'),
       (128, '윤서연', '010-7183-9327', '1986-05-15'),
       (129, '장민석', '010-8585-9011', '2003-10-12'),
       (130, '한지우', '010-8661-2739', '1988-12-11'),
       (131, '신동현', '010-9386-2992', '1999-08-04'),
       (132, '오미진', '010-1138-9075', '1971-03-12'),
       (133, '임재훈', '010-7711-7463', '1986-11-16'),
       (134, '송하영', '010-3000-2801', '2005-01-16'),
       (135, '노성민', '010-4535-9593', '2000-11-07'),
       (136, '안효정', '010-2239-4946', '1971-01-16'),
       (137, '배준혁', '010-4637-4898', '2008-12-21'),
       (138, '원지은', '010-2706-5399', '2008-05-03'),
       (139, '홍성우', '010-8459-6021', '1987-05-26'),
       (140, '문예린', '010-7161-7110', '2005-01-13'),
       (141, '서태준', '010-3599-8691', '1983-06-27'),
       (142, '권민아', '010-5776-7269', '2009-06-17'),
       (143, '유현우', '010-7411-4408', '1973-03-03'),
       (144, '백소영', '010-8452-3794', '2000-06-21'),
       (145, '남기석', '010-7941-9615', '2006-02-22'),
       (146, '황지수', '010-4645-3381', '1976-11-09'),
       (147, '전민재', '010-1893-6511', '1999-08-10'),
       (148, '곽은비', '010-6681-9316', '1982-09-07'),
       (149, '마성호', '010-2771-1004', '2005-02-18'),
       (150, '구지윤', '010-9106-2925', '2003-02-08');

-- 3. PET 테이블 더미데이터
INSERT INTO pet (pet_code, name, species, photo, gender, age, weight)
VALUES ('PET0001', '초코', 'OTHER', NULL, 'FEMALE', 4, 15),
       ('PET0002', '나비', 'OTHER', NULL, 'MALE', 10, 23),
       ('PET0003', '망고', 'CAT', NULL, 'FEMALE', 11, 7),
       ('PET0004', '루루', 'OTHER', NULL, 'MALE', 8, 15),
       ('PET0005', '보리', 'CAT', NULL, 'MALE', 4, 2),
       ('PET0006', '콩이', 'CAT', NULL, 'MALE', 11, 17),
       ('PET0007', '두부', 'OTHER', NULL, 'FEMALE', 4, 3),
       ('PET0008', '치즈', 'CAT', NULL, 'MALE', 8, 28),
       ('PET0009', '쿠키', 'CAT', NULL, 'MALE', 6, 7),
       ('PET0010', '모찌', 'OTHER', NULL, 'MALE', 10, 16),
       ('PET0011', '바둑이', 'DOG', NULL, 'MALE', 4, 10),
       ('PET0012', '흰둥이', 'CAT', NULL, 'FEMALE', 6, 29),
       ('PET0013', '검둥이', 'CAT', NULL, 'MALE', 7, 9),
       ('PET0014', '누렁이', 'OTHER', NULL, 'FEMALE', 3, 3),
       ('PET0015', '점박이', 'CAT', NULL, 'FEMALE', 6, 7),
       ('PET0016', '깜순이', 'CAT', NULL, 'FEMALE', 9, 4),
       ('PET0017', '복슬이', 'CAT', NULL, 'FEMALE', 12, 23),
       ('PET0018', '꼬마', 'CAT', NULL, 'MALE', 7, 8),
       ('PET0019', '멍멍이', 'CAT', NULL, 'FEMALE', 5, 5),
       ('PET0020', '야옹이', 'OTHER', NULL, 'MALE', 13, 29),
       ('PET0021', '뽀삐', 'OTHER', NULL, 'FEMALE', 6, 2),
       ('PET0022', '까미', 'DOG', NULL, 'FEMALE', 10, 21),
       ('PET0023', '하양이', 'OTHER', NULL, 'FEMALE', 11, 2),
       ('PET0024', '까까', 'OTHER', NULL, 'MALE', 3, 23),
       ('PET0025', '점점이', 'OTHER', NULL, 'FEMALE', 5, 1),
       ('PET0026', '털보', 'OTHER', NULL, 'MALE', 6, 18),
       ('PET0027', '삐삐', 'DOG', NULL, 'FEMALE', 7, 12),
       ('PET0028', '코코', 'OTHER', NULL, 'FEMALE', 11, 27),
       ('PET0029', '미미', 'CAT', NULL, 'FEMALE', 8, 17),
       ('PET0030', '토토', 'CAT', NULL, 'MALE', 15, 18),
       ('PET0031', '피피', 'DOG', NULL, 'FEMALE', 13, 23),
       ('PET0032', '지지', 'OTHER', NULL, 'MALE', 12, 25),
       ('PET0033', '키키', 'CAT', NULL, 'MALE', 2, 25),
       ('PET0034', '리리', 'DOG', NULL, 'FEMALE', 6, 14),
       ('PET0035', '마르', 'CAT', NULL, 'MALE', 14, 21),
       ('PET0036', '베르', 'CAT', NULL, 'FEMALE', 14, 20),
       ('PET0037', '체리', 'DOG', NULL, 'MALE', 1, 29),
       ('PET0038', '블루', 'OTHER', NULL, 'MALE', 8, 9),
       ('PET0039', '골드', 'DOG', NULL, 'FEMALE', 13, 29),
       ('PET0040', '실버', 'DOG', NULL, 'MALE', 12, 14),
       ('PET0041', '레드', 'DOG', NULL, 'FEMALE', 1, 30),
       ('PET0042', '그린', 'DOG', NULL, 'FEMALE', 2, 23),
       ('PET0043', '초코2', 'DOG', NULL, 'MALE', 12, 5),
       ('PET0044', '나비2', 'OTHER', NULL, 'FEMALE', 7, 14),
       ('PET0045', '망고2', 'CAT', NULL, 'MALE', 5, 26),
       ('PET0046', '루루2', 'OTHER', NULL, 'FEMALE', 7, 14),
       ('PET0047', '보리2', 'DOG', NULL, 'FEMALE', 2, 7),
       ('PET0048', '콩이2', 'CAT', NULL, 'FEMALE', 9, 5),
       ('PET0049', '두부2', 'OTHER', NULL, 'FEMALE', 8, 4),
       ('PET0050', '치즈2', 'CAT', NULL, 'FEMALE', 8, 3),
       ('PET0051', '쿠키2', 'CAT', NULL, 'MALE', 9, 4),
       ('PET0052', '모찌2', 'DOG', NULL, 'MALE', 3, 2),
       ('PET0053', '바둑이2', 'CAT', NULL, 'FEMALE', 3, 4),
       ('PET0054', '흰둥이2', 'OTHER', NULL, 'MALE', 15, 4),
       ('PET0055', '검둥이2', 'CAT', NULL, 'FEMALE', 15, 25),
       ('PET0056', '누렁이2', 'OTHER', NULL, 'MALE', 12, 27),
       ('PET0057', '점박이2', 'OTHER', NULL, 'FEMALE', 4, 21),
       ('PET0058', '깜순이2', 'CAT', NULL, 'FEMALE', 14, 30),
       ('PET0059', '복슬이2', 'CAT', NULL, 'FEMALE', 13, 16),
       ('PET0060', '꼬마2', 'CAT', NULL, 'MALE', 14, 17),
       ('PET0061', '멍멍이2', 'DOG', NULL, 'MALE', 6, 1),
       ('PET0062', '야옹이2', 'CAT', NULL, 'FEMALE', 8, 4),
       ('PET0063', '뽀삐2', 'CAT', NULL, 'MALE', 12, 1),
       ('PET0064', '까미2', 'CAT', NULL, 'MALE', 9, 17),
       ('PET0065', '하양이2', 'CAT', NULL, 'MALE', 15, 22),
       ('PET0066', '까까2', 'DOG', NULL, 'FEMALE', 3, 17),
       ('PET0067', '점점이2', 'CAT', NULL, 'FEMALE', 3, 7),
       ('PET0068', '털보2', 'OTHER', NULL, 'MALE', 9, 23),
       ('PET0069', '삐삐2', 'OTHER', NULL, 'FEMALE', 12, 18),
       ('PET0070', '코코2', 'CAT', NULL, 'MALE', 3, 29),
       ('PET0071', '미미2', 'DOG', NULL, 'FEMALE', 9, 2),
       ('PET0072', '토토2', 'OTHER', NULL, 'MALE', 10, 30),
       ('PET0073', '피피2', 'CAT', NULL, 'MALE', 6, 24),
       ('PET0074', '지지2', 'OTHER', NULL, 'MALE', 10, 23),
       ('PET0075', '키키2', 'DOG', NULL, 'MALE', 10, 19),
       ('PET0076', '리리2', 'DOG', NULL, 'FEMALE', 7, 15),
       ('PET0077', '마르2', 'OTHER', NULL, 'FEMALE', 13, 30),
       ('PET0078', '베르2', 'OTHER', NULL, 'MALE', 15, 8),
       ('PET0079', '체리2', 'DOG', NULL, 'MALE', 2, 11),
       ('PET0080', '블루2', 'OTHER', NULL, 'MALE', 5, 14),
       ('PET0081', '골드2', 'CAT', NULL, 'FEMALE', 8, 27),
       ('PET0082', '실버2', 'CAT', NULL, 'FEMALE', 6, 10),
       ('PET0083', '레드2', 'DOG', NULL, 'MALE', 5, 20),
       ('PET0084', '그린2', 'DOG', NULL, 'MALE', 10, 23),
       ('PET0085', '초코3', 'OTHER', NULL, 'MALE', 8, 7),
       ('PET0086', '나비3', 'OTHER', NULL, 'MALE', 14, 3),
       ('PET0087', '망고3', 'DOG', NULL, 'FEMALE', 8, 10),
       ('PET0088', '루루3', 'CAT', NULL, 'FEMALE', 8, 26),
       ('PET0089', '보리3', 'CAT', NULL, 'FEMALE', 3, 17),
       ('PET0090', '콩이3', 'DOG', NULL, 'FEMALE', 1, 26),
       ('PET0091', '두부3', 'DOG', NULL, 'MALE', 14, 22),
       ('PET0092', '치즈3', 'OTHER', NULL, 'MALE', 7, 10),
       ('PET0093', '쿠키3', 'DOG', NULL, 'FEMALE', 4, 25),
       ('PET0094', '모찌3', 'DOG', NULL, 'MALE', 2, 16),
       ('PET0095', '바둑이3', 'OTHER', NULL, 'FEMALE', 14, 25),
       ('PET0096', '흰둥이3', 'OTHER', NULL, 'FEMALE', 4, 10),
       ('PET0097', '검둥이3', 'DOG', NULL, 'FEMALE', 7, 23),
       ('PET0098', '누렁이3', 'OTHER', NULL, 'FEMALE', 5, 30),
       ('PET0099', '점박이3', 'DOG', NULL, 'FEMALE', 4, 4),
       ('PET0100', '깜순이3', 'OTHER', NULL, 'MALE', 6, 17),
       ('PET0101', '복슬이3', 'CAT', NULL, 'MALE', 11, 19),
       ('PET0102', '꼬마3', 'OTHER', NULL, 'FEMALE', 15, 30),
       ('PET0103', '멍멍이3', 'DOG', NULL, 'FEMALE', 11, 30),
       ('PET0104', '야옹이3', 'OTHER', NULL, 'FEMALE', 13, 5),
       ('PET0105', '뽀삐3', 'CAT', NULL, 'MALE', 9, 2),
       ('PET0106', '까미3', 'CAT', NULL, 'FEMALE', 4, 8),
       ('PET0107', '하양이3', 'DOG', NULL, 'MALE', 10, 8),
       ('PET0108', '까까3', 'OTHER', NULL, 'FEMALE', 13, 10),
       ('PET0109', '점점이3', 'CAT', NULL, 'MALE', 10, 3),
       ('PET0110', '털보3', 'CAT', NULL, 'MALE', 14, 7),
       ('PET0111', '삐삐3', 'CAT', NULL, 'FEMALE', 8, 24),
       ('PET0112', '코코3', 'OTHER', NULL, 'FEMALE', 1, 23),
       ('PET0113', '미미3', 'OTHER', NULL, 'MALE', 14, 24),
       ('PET0114', '토토3', 'DOG', NULL, 'MALE', 7, 5),
       ('PET0115', '피피3', 'DOG', NULL, 'FEMALE', 11, 19),
       ('PET0116', '지지3', 'DOG', NULL, 'MALE', 10, 14),
       ('PET0117', '키키3', 'DOG', NULL, 'FEMALE', 1, 2),
       ('PET0118', '리리3', 'OTHER', NULL, 'MALE', 13, 27),
       ('PET0119', '마르3', 'OTHER', NULL, 'MALE', 13, 1),
       ('PET0120', '베르3', 'CAT', NULL, 'FEMALE', 15, 7),
       ('PET0121', '체리3', 'DOG', NULL, 'FEMALE', 13, 23),
       ('PET0122', '블루3', 'OTHER', NULL, 'MALE', 3, 26),
       ('PET0123', '골드3', 'CAT', NULL, 'MALE', 8, 4),
       ('PET0124', '실버3', 'OTHER', NULL, 'MALE', 13, 22),
       ('PET0125', '레드3', 'CAT', NULL, 'FEMALE', 7, 21),
       ('PET0126', '그린3', 'OTHER', NULL, 'MALE', 9, 5),
       ('PET0127', '초코4', 'CAT', NULL, 'FEMALE', 13, 19),
       ('PET0128', '나비4', 'DOG', NULL, 'MALE', 6, 7),
       ('PET0129', '망고4', 'DOG', NULL, 'MALE', 10, 25),
       ('PET0130', '루루4', 'DOG', NULL, 'MALE', 1, 1),
       ('PET0131', '보리4', 'DOG', NULL, 'FEMALE', 3, 1),
       ('PET0132', '콩이4', 'CAT', NULL, 'MALE', 15, 9),
       ('PET0133', '두부4', 'OTHER', NULL, 'MALE', 8, 7),
       ('PET0134', '치즈4', 'CAT', NULL, 'FEMALE', 15, 26),
       ('PET0135', '쿠키4', 'DOG', NULL, 'FEMALE', 10, 27),
       ('PET0136', '모찌4', 'DOG', NULL, 'MALE', 9, 28),
       ('PET0137', '바둑이4', 'CAT', NULL, 'MALE', 11, 20),
       ('PET0138', '흰둥이4', 'CAT', NULL, 'FEMALE', 4, 11),
       ('PET0139', '검둥이4', 'OTHER', NULL, 'FEMALE', 4, 25),
       ('PET0140', '누렁이4', 'CAT', NULL, 'FEMALE', 8, 6),
       ('PET0141', '점박이4', 'DOG', NULL, 'MALE', 5, 29),
       ('PET0142', '깜순이4', 'OTHER', NULL, 'FEMALE', 10, 5),
       ('PET0143', '복슬이4', 'OTHER', NULL, 'FEMALE', 3, 22),
       ('PET0144', '꼬마4', 'OTHER', NULL, 'MALE', 2, 10),
       ('PET0145', '멍멍이4', 'DOG', NULL, 'FEMALE', 4, 10),
       ('PET0146', '야옹이4', 'DOG', NULL, 'MALE', 8, 28),
       ('PET0147', '뽀삐4', 'CAT', NULL, 'MALE', 7, 18),
       ('PET0148', '까미4', 'OTHER', NULL, 'MALE', 11, 15),
       ('PET0149', '하양이4', 'OTHER', NULL, 'FEMALE', 8, 30),
       ('PET0150', '까까4', 'OTHER', NULL, 'MALE', 3, 10),
       ('PET0151', '점점이4', 'CAT', NULL, 'FEMALE', 4, 27),
       ('PET0152', '털보4', 'DOG', NULL, 'FEMALE', 2, 26),
       ('PET0153', '삐삐4', 'CAT', NULL, 'FEMALE', 9, 29),
       ('PET0154', '코코4', 'CAT', NULL, 'MALE', 10, 26),
       ('PET0155', '미미4', 'OTHER', NULL, 'FEMALE', 11, 10),
       ('PET0156', '토토4', 'DOG', NULL, 'FEMALE', 7, 12),
       ('PET0157', '피피4', 'DOG', NULL, 'FEMALE', 12, 27),
       ('PET0158', '지지4', 'OTHER', NULL, 'MALE', 5, 17),
       ('PET0159', '키키4', 'DOG', NULL, 'MALE', 2, 26),
       ('PET0160', '리리4', 'CAT', NULL, 'MALE', 7, 24),
       ('PET0161', '마르4', 'OTHER', NULL, 'FEMALE', 4, 19),
       ('PET0162', '베르4', 'CAT', NULL, 'FEMALE', 1, 2),
       ('PET0163', '체리4', 'OTHER', NULL, 'FEMALE', 14, 10),
       ('PET0164', '블루4', 'CAT', NULL, 'FEMALE', 10, 15),
       ('PET0165', '골드4', 'DOG', NULL, 'FEMALE', 14, 3),
       ('PET0166', '실버4', 'OTHER', NULL, 'MALE', 9, 29),
       ('PET0167', '레드4', 'CAT', NULL, 'MALE', 10, 22),
       ('PET0168', '그린4', 'DOG', NULL, 'FEMALE', 4, 24),
       ('PET0169', '초코5', 'OTHER', NULL, 'MALE', 8, 5),
       ('PET0170', '나비5', 'OTHER', NULL, 'MALE', 5, 26),
       ('PET0171', '망고5', 'CAT', NULL, 'MALE', 9, 10),
       ('PET0172', '루루5', 'CAT', NULL, 'FEMALE', 5, 18),
       ('PET0173', '보리5', 'OTHER', NULL, 'MALE', 4, 19),
       ('PET0174', '콩이5', 'DOG', NULL, 'MALE', 5, 4),
       ('PET0175', '두부5', 'DOG', NULL, 'MALE', 7, 14),
       ('PET0176', '치즈5', 'DOG', NULL, 'MALE', 3, 18),
       ('PET0177', '쿠키5', 'OTHER', NULL, 'MALE', 12, 21),
       ('PET0178', '모찌5', 'DOG', NULL, 'FEMALE', 1, 30),
       ('PET0179', '바둑이5', 'DOG', NULL, 'FEMALE', 8, 16),
       ('PET0180', '흰둥이5', 'OTHER', NULL, 'FEMALE', 2, 19),
       ('PET0181', '검둥이5', 'DOG', NULL, 'MALE', 11, 22),
       ('PET0182', '누렁이5', 'OTHER', NULL, 'FEMALE', 10, 10),
       ('PET0183', '점박이5', 'OTHER', NULL, 'MALE', 14, 19),
       ('PET0184', '깜순이5', 'CAT', NULL, 'MALE', 11, 30),
       ('PET0185', '복슬이5', 'DOG', NULL, 'FEMALE', 1, 10),
       ('PET0186', '꼬마5', 'DOG', NULL, 'FEMALE', 6, 23),
       ('PET0187', '멍멍이5', 'DOG', NULL, 'MALE', 4, 25),
       ('PET0188', '야옹이5', 'CAT', NULL, 'MALE', 13, 30),
       ('PET0189', '뽀삐5', 'DOG', NULL, 'FEMALE', 8, 19),
       ('PET0190', '까미5', 'OTHER', NULL, 'MALE', 3, 11),
       ('PET0191', '하양이5', 'OTHER', NULL, 'FEMALE', 9, 28),
       ('PET0192', '까까5', 'CAT', NULL, 'MALE', 12, 28),
       ('PET0193', '점점이5', 'DOG', NULL, 'MALE', 14, 13),
       ('PET0194', '털보5', 'CAT', NULL, 'FEMALE', 15, 25),
       ('PET0195', '삐삐5', 'CAT', NULL, 'MALE', 3, 9),
       ('PET0196', '코코5', 'CAT', NULL, 'FEMALE', 12, 7),
       ('PET0197', '미미5', 'OTHER', NULL, 'MALE', 12, 21),
       ('PET0198', '토토5', 'OTHER', NULL, 'MALE', 12, 9),
       ('PET0199', '피피5', 'CAT', NULL, 'FEMALE', 4, 11),
       ('PET0200', '지지5', 'DOG', NULL, 'MALE', 8, 1),
       ('PET0201', '키키5', 'CAT', NULL, 'MALE', 6, 15),
       ('PET0202', '리리5', 'DOG', NULL, 'FEMALE', 10, 14),
       ('PET0203', '마르5', 'DOG', NULL, 'MALE', 6, 13),
       ('PET0204', '베르5', 'OTHER', NULL, 'FEMALE', 14, 11),
       ('PET0205', '체리5', 'DOG', NULL, 'MALE', 13, 24),
       ('PET0206', '블루5', 'CAT', NULL, 'FEMALE', 14, 24),
       ('PET0207', '골드5', 'OTHER', NULL, 'MALE', 9, 3),
       ('PET0208', '실버5', 'OTHER', NULL, 'FEMALE', 7, 1),
       ('PET0209', '레드5', 'DOG', NULL, 'FEMALE', 1, 9),
       ('PET0210', '그린5', 'DOG', NULL, 'FEMALE', 14, 27),
       ('PET0211', '초코6', 'OTHER', NULL, 'FEMALE', 15, 2),
       ('PET0212', '나비6', 'CAT', NULL, 'FEMALE', 6, 29),
       ('PET0213', '망고6', 'OTHER', NULL, 'FEMALE', 6, 11),
       ('PET0214', '루루6', 'OTHER', NULL, 'MALE', 6, 23),
       ('PET0215', '보리6', 'DOG', NULL, 'MALE', 14, 9),
       ('PET0216', '콩이6', 'DOG', NULL, 'FEMALE', 4, 23),
       ('PET0217', '두부6', 'OTHER', NULL, 'MALE', 5, 15),
       ('PET0218', '치즈6', 'DOG', NULL, 'FEMALE', 2, 14),
       ('PET0219', '쿠키6', 'DOG', NULL, 'FEMALE', 15, 13),
       ('PET0220', '모찌6', 'OTHER', NULL, 'MALE', 7, 16),
       ('PET0221', '바둑이6', 'DOG', NULL, 'MALE', 8, 6),
       ('PET0222', '흰둥이6', 'OTHER', NULL, 'MALE', 3, 5),
       ('PET0223', '검둥이6', 'OTHER', NULL, 'MALE', 14, 17),
       ('PET0224', '누렁이6', 'OTHER', NULL, 'MALE', 5, 28),
       ('PET0225', '점박이6', 'DOG', NULL, 'FEMALE', 2, 8),
       ('PET0226', '깜순이6', 'DOG', NULL, 'FEMALE', 5, 25),
       ('PET0227', '복슬이6', 'DOG', NULL, 'MALE', 14, 26),
       ('PET0228', '꼬마6', 'DOG', NULL, 'FEMALE', 7, 10),
       ('PET0229', '멍멍이6', 'DOG', NULL, 'FEMALE', 10, 5),
       ('PET0230', '야옹이6', 'DOG', NULL, 'MALE', 9, 8),
       ('PET0231', '뽀삐6', 'OTHER', NULL, 'MALE', 11, 9),
       ('PET0232', '까미6', 'DOG', NULL, 'MALE', 1, 13),
       ('PET0233', '하양이6', 'OTHER', NULL, 'MALE', 14, 2),
       ('PET0234', '까까6', 'OTHER', NULL, 'FEMALE', 12, 8),
       ('PET0235', '점점이6', 'CAT', NULL, 'MALE', 15, 9),
       ('PET0236', '털보6', 'CAT', NULL, 'FEMALE', 7, 1),
       ('PET0237', '삐삐6', 'CAT', NULL, 'MALE', 8, 7),
       ('PET0238', '코코6', 'CAT', NULL, 'FEMALE', 14, 3),
       ('PET0239', '미미6', 'CAT', NULL, 'FEMALE', 14, 10),
       ('PET0240', '토토6', 'OTHER', NULL, 'MALE', 1, 20),
       ('PET0241', '피피6', 'DOG', NULL, 'FEMALE', 11, 7),
       ('PET0242', '지지6', 'OTHER', NULL, 'FEMALE', 5, 27),
       ('PET0243', '키키6', 'DOG', NULL, 'MALE', 6, 26),
       ('PET0244', '리리6', 'DOG', NULL, 'MALE', 9, 14),
       ('PET0245', '마르6', 'CAT', NULL, 'FEMALE', 1, 21),
       ('PET0246', '베르6', 'OTHER', NULL, 'FEMALE', 10, 19),
       ('PET0247', '체리6', 'OTHER', NULL, 'MALE', 1, 25),
       ('PET0248', '블루6', 'DOG', NULL, 'MALE', 7, 30),
       ('PET0249', '골드6', 'OTHER', NULL, 'FEMALE', 13, 27),
       ('PET0250', '실버6', 'DOG', NULL, 'FEMALE', 13, 23),
       ('PET0251', '레드6', 'DOG', NULL, 'MALE', 13, 8),
       ('PET0252', '그린6', 'OTHER', NULL, 'FEMALE', 15, 7),
       ('PET0253', '초코7', 'OTHER', NULL, 'MALE', 1, 25),
       ('PET0254', '나비7', 'DOG', NULL, 'MALE', 8, 21),
       ('PET0255', '망고7', 'DOG', NULL, 'MALE', 8, 19),
       ('PET0256', '루루7', 'OTHER', NULL, 'FEMALE', 3, 5),
       ('PET0257', '보리7', 'OTHER', NULL, 'MALE', 6, 28),
       ('PET0258', '콩이7', 'OTHER', NULL, 'MALE', 1, 19),
       ('PET0259', '두부7', 'DOG', NULL, 'FEMALE', 9, 6),
       ('PET0260', '치즈7', 'OTHER', NULL, 'FEMALE', 12, 17),
       ('PET0261', '쿠키7', 'CAT', NULL, 'FEMALE', 10, 17),
       ('PET0262', '모찌7', 'DOG', NULL, 'FEMALE', 3, 15),
       ('PET0263', '바둑이7', 'CAT', NULL, 'FEMALE', 8, 26),
       ('PET0264', '흰둥이7', 'DOG', NULL, 'FEMALE', 1, 15),
       ('PET0265', '검둥이7', 'CAT', NULL, 'FEMALE', 11, 2),
       ('PET0266', '누렁이7', 'OTHER', NULL, 'MALE', 4, 6),
       ('PET0267', '점박이7', 'CAT', NULL, 'FEMALE', 2, 5),
       ('PET0268', '깜순이7', 'OTHER', NULL, 'FEMALE', 10, 7),
       ('PET0269', '복슬이7', 'CAT', NULL, 'MALE', 12, 24),
       ('PET0270', '꼬마7', 'OTHER', NULL, 'FEMALE', 5, 2),
       ('PET0271', '멍멍이7', 'OTHER', NULL, 'MALE', 9, 23),
       ('PET0272', '야옹이7', 'CAT', NULL, 'MALE', 7, 17),
       ('PET0273', '뽀삐7', 'DOG', NULL, 'FEMALE', 10, 2),
       ('PET0274', '까미7', 'OTHER', NULL, 'MALE', 15, 5),
       ('PET0275', '하양이7', 'DOG', NULL, 'FEMALE', 7, 25),
       ('PET0276', '까까7', 'OTHER', NULL, 'FEMALE', 6, 29),
       ('PET0277', '점점이7', 'CAT', NULL, 'MALE', 4, 1),
       ('PET0278', '털보7', 'DOG', NULL, 'FEMALE', 14, 20),
       ('PET0279', '삐삐7', 'DOG', NULL, 'FEMALE', 7, 6),
       ('PET0280', '코코7', 'DOG', NULL, 'MALE', 7, 30),
       ('PET0281', '미미7', 'CAT', NULL, 'FEMALE', 1, 28),
       ('PET0282', '토토7', 'DOG', NULL, 'MALE', 4, 7),
       ('PET0283', '피피7', 'DOG', NULL, 'FEMALE', 9, 20),
       ('PET0284', '지지7', 'DOG', NULL, 'MALE', 3, 23),
       ('PET0285', '키키7', 'CAT', NULL, 'FEMALE', 12, 6),
       ('PET0286', '리리7', 'DOG', NULL, 'FEMALE', 5, 15),
       ('PET0287', '마르7', 'CAT', NULL, 'FEMALE', 15, 7),
       ('PET0288', '베르7', 'CAT', NULL, 'FEMALE', 10, 15),
       ('PET0289', '체리7', 'OTHER', NULL, 'MALE', 9, 29),
       ('PET0290', '블루7', 'DOG', NULL, 'FEMALE', 4, 22),
       ('PET0291', '골드7', 'DOG', NULL, 'MALE', 11, 30),
       ('PET0292', '실버7', 'OTHER', NULL, 'FEMALE', 2, 28),
       ('PET0293', '레드7', 'OTHER', NULL, 'MALE', 12, 25),
       ('PET0294', '그린7', 'CAT', NULL, 'FEMALE', 10, 7),
       ('PET0295', '초코8', 'OTHER', NULL, 'MALE', 8, 18),
       ('PET0296', '나비8', 'CAT', NULL, 'MALE', 13, 6),
       ('PET0297', '망고8', 'DOG', NULL, 'FEMALE', 12, 4),
       ('PET0298', '루루8', 'OTHER', NULL, 'MALE', 13, 28),
       ('PET0299', '보리8', 'OTHER', NULL, 'MALE', 7, 6),
       ('PET0300', '콩이8', 'OTHER', NULL, 'FEMALE', 1, 24);

-- 4. OWNER_PET 테이블 더미데이터
INSERT INTO owner_pet (owner_id, pet_id)
VALUES (1, 1),
       (1, 2),
       (1, 3),
       (2, 4),
       (2, 5),
       (3, 6),
       (3, 7),
       (3, 8),
       (4, 9),
       (5, 10),
       (5, 11),
       (5, 12),
       (6, 13),
       (6, 14),
       (7, 15),
       (8, 16),
       (9, 17),
       (9, 18),
       (9, 19),
       (10, 20),
       (10, 21),
       (11, 22),
       (12, 23),
       (13, 24),
       (14, 25),
       (14, 26),
       (15, 27),
       (16, 28),
       (16, 29),
       (16, 30),
       (17, 31),
       (17, 32),
       (17, 33),
       (18, 34),
       (18, 35),
       (19, 36),
       (19, 37),
       (19, 38),
       (20, 39),
       (20, 40),
       (20, 41),
       (21, 42),
       (22, 43),
       (22, 44),
       (23, 45),
       (23, 46),
       (24, 47),
       (25, 48),
       (26, 49),
       (27, 50),
       (27, 51),
       (27, 52),
       (28, 53),
       (28, 54),
       (29, 55),
       (29, 56),
       (29, 57),
       (30, 58),
       (30, 59),
       (30, 60),
       (31, 61),
       (32, 62),
       (32, 63),
       (32, 64),
       (33, 65),
       (33, 66),
       (34, 67),
       (34, 68),
       (35, 69),
       (36, 70),
       (37, 71),
       (38, 72),
       (38, 73),
       (38, 74),
       (39, 75),
       (40, 76),
       (40, 77),
       (40, 78),
       (41, 79),
       (42, 80),
       (43, 81),
       (43, 82),
       (43, 83),
       (44, 84),
       (44, 85),
       (44, 86),
       (45, 87),
       (45, 88),
       (45, 89),
       (46, 90),
       (46, 91),
       (46, 92),
       (47, 93),
       (47, 94),
       (48, 95),
       (48, 96),
       (49, 97),
       (49, 98),
       (49, 99),
       (50, 100),
       (51, 101),
       (51, 102),
       (51, 103),
       (52, 104),
       (52, 105),
       (53, 106),
       (53, 107),
       (53, 108),
       (54, 109),
       (54, 110),
       (55, 111),
       (56, 112),
       (56, 113),
       (56, 114),
       (57, 115),
       (57, 116),
       (57, 117),
       (58, 118),
       (59, 119),
       (60, 120),
       (61, 121),
       (62, 122),
       (63, 123),
       (63, 124),
       (64, 125),
       (65, 126),
       (65, 127),
       (65, 128),
       (66, 129),
       (67, 130),
       (67, 131),
       (68, 132),
       (69, 133),
       (69, 134),
       (70, 135),
       (71, 136),
       (71, 137),
       (71, 138),
       (72, 139),
       (72, 140),
       (73, 141),
       (73, 142),
       (74, 143),
       (74, 144),
       (74, 145),
       (75, 146),
       (75, 147),
       (75, 148),
       (76, 149),
       (77, 150),
       (78, 151),
       (78, 152),
       (78, 153),
       (79, 154),
       (79, 155),
       (80, 156),
       (80, 157),
       (80, 158),
       (81, 159),
       (81, 160),
       (81, 161),
       (82, 162),
       (82, 163),
       (83, 164),
       (83, 165),
       (84, 166),
       (84, 167),
       (84, 168),
       (85, 169),
       (86, 170),
       (86, 171),
       (87, 172),
       (88, 173),
       (88, 174),
       (88, 175),
       (89, 176),
       (89, 177),
       (90, 178),
       (90, 179),
       (90, 180),
       (91, 181),
       (91, 182),
       (91, 183),
       (92, 184),
       (92, 185),
       (92, 186),
       (93, 187),
       (94, 188),
       (95, 189),
       (95, 190),
       (95, 191),
       (96, 192),
       (97, 193),
       (98, 194),
       (99, 195),
       (100, 196),
       (100, 197),
       (101, 198),
       (101, 199),
       (102, 200),
       (102, 201),
       (102, 202),
       (103, 203),
       (103, 204),
       (103, 205),
       (104, 206),
       (104, 207),
       (105, 208),
       (105, 209),
       (105, 210),
       (106, 211),
       (106, 212),
       (106, 213),
       (107, 214),
       (107, 215),
       (107, 216),
       (108, 217),
       (108, 218),
       (109, 219),
       (109, 220),
       (109, 221),
       (110, 222),
       (110, 223),
       (110, 224),
       (111, 225),
       (111, 226),
       (112, 227),
       (113, 228),
       (113, 229),
       (114, 230),
       (114, 231),
       (114, 232),
       (115, 233),
       (115, 234),
       (115, 235),
       (116, 236),
       (117, 237),
       (118, 238),
       (118, 239),
       (118, 240),
       (119, 241),
       (119, 242),
       (119, 243),
       (120, 244),
       (120, 245),
       (120, 246),
       (121, 247),
       (122, 248),
       (122, 249),
       (122, 250),
       (123, 251),
       (123, 252),
       (124, 253),
       (124, 254),
       (124, 255),
       (125, 256),
       (126, 257),
       (127, 258),
       (128, 259),
       (129, 260),
       (129, 261),
       (129, 262),
       (130, 263),
       (130, 264),
       (130, 265),
       (131, 266),
       (131, 267),
       (131, 268),
       (132, 269),
       (132, 270),
       (132, 271),
       (133, 272),
       (133, 273),
       (133, 274),
       (134, 275),
       (134, 276),
       (134, 277),
       (135, 278),
       (135, 279),
       (136, 280),
       (136, 281),
       (136, 282),
       (137, 283),
       (137, 284),
       (137, 285),
       (138, 286),
       (138, 287),
       (139, 288),
       (140, 289),
       (140, 290),
       (140, 291),
       (141, 292),
       (141, 293),
       (142, 294),
       (142, 295),
       (143, 296),
       (144, 297),
       (145, 298),
       (145, 299),
       (146, 300);

-- 5. VET 테이블 더미데이터
INSERT INTO vet (hospital_id, auth_id, name, license, profile, photo)
VALUES (1, 151, '김민수', 'VET-00001', '치과 전문', NULL),
       (1, 152, '이영희', 'VET-00002', '피부과 전문', NULL),
       (2, 153, '박철수', 'VET-00003', '치과 전문', NULL),
       (2, 154, '최지연', 'VET-00004', '안과 전문', NULL),
       (3, 155, '정민호', 'VET-00005', '안과 전문', NULL),
       (3, 156, '강수진', 'VET-00006', '내과 전문', NULL),
       (4, 157, '조영진', 'VET-00007', '치과 전문', NULL),
       (4, 158, '윤서연', 'VET-00008', '외과 전문', NULL),
       (5, 159, '장민석', 'VET-00009', '피부과 전문', NULL),
       (5, 160, '한지우', 'VET-00010', '안과 전문', NULL),
       (6, 161, '신동현', 'VET-00011', '피부과 전문', NULL),
       (6, 162, '오미진', 'VET-00012', '내과 전문', NULL),
       (7, 163, '임재훈', 'VET-00013', '피부과 전문', NULL),
       (7, 164, '송하영', 'VET-00014', '내과 전문', NULL),
       (8, 165, '노성민', 'VET-00015', '내과 전문', NULL),
       (8, 166, '안효정', 'VET-00016', '외과 전문', NULL),
       (9, 167, '배준혁', 'VET-00017', '외과 전문', NULL),
       (9, 168, '원지은', 'VET-00018', '안과 전문', NULL),
       (10, 169, '홍성우', 'VET-00019', '안과 전문', NULL),
       (10, 170, '문예린', 'VET-00020', '외과 전문', NULL),
       (11, 171, '서태준', 'VET-00021', '피부과 전문', NULL),
       (11, 172, '권민아', 'VET-00022', '안과 전문', NULL),
       (12, 173, '유현우', 'VET-00023', '내과 전문', NULL),
       (12, 174, '백소영', 'VET-00024', '외과 전문', NULL),
       (13, 175, '남기석', 'VET-00025', '외과 전문', NULL),
       (13, 176, '황지수', 'VET-00026', '내과 전문', NULL),
       (14, 177, '전민재', 'VET-00027', '안과 전문', NULL),
       (14, 178, '곽은비', 'VET-00028', '안과 전문', NULL),
       (15, 179, '마성호', 'VET-00029', '내과 전문', NULL),
       (15, 180, '구지윤', 'VET-00030', '치과 전문', NULL),
       (16, 181, '심재원', 'VET-00031', '외과 전문', NULL),
       (16, 182, '지민경', 'VET-00032', '외과 전문', NULL),
       (17, 183, '엄태현', 'VET-00033', '피부과 전문', NULL),
       (17, 184, '갈수빈', 'VET-00034', '피부과 전문', NULL),
       (18, 185, '변준서', 'VET-00035', '외과 전문', NULL),
       (18, 186, '표시연', 'VET-00036', '피부과 전문', NULL),
       (19, 187, '양민규', 'VET-00037', '외과 전문', NULL),
       (19, 188, '반예진', 'VET-00038', '피부과 전문', NULL),
       (20, 189, '나호진', 'VET-00039', '치과 전문', NULL),
       (20, 190, '채서진', 'VET-00040', '안과 전문', NULL),
       (21, 191, '김민수', 'VET-00041', '내과 전문', NULL),
       (21, 192, '이영희', 'VET-00042', '피부과 전문', NULL),
       (22, 193, '박철수', 'VET-00043', '내과 전문', NULL),
       (22, 194, '최지연', 'VET-00044', '외과 전문', NULL),
       (23, 195, '정민호', 'VET-00045', '피부과 전문', NULL),
       (23, 196, '강수진', 'VET-00046', '안과 전문', NULL),
       (24, 197, '조영진', 'VET-00047', '치과 전문', NULL),
       (24, 198, '윤서연', 'VET-00048', '치과 전문', NULL),
       (25, 199, '장민석', 'VET-00049', '치과 전문', NULL),
       (25, 200, '한지우', 'VET-00050', '피부과 전문', NULL),
       (26, 201, '신동현', 'VET-00051', '외과 전문', NULL),
       (26, 202, '오미진', 'VET-00052', '안과 전문', NULL),
       (27, 203, '임재훈', 'VET-00053', '안과 전문', NULL),
       (27, 204, '송하영', 'VET-00054', '안과 전문', NULL),
       (28, 205, '노성민', 'VET-00055', '안과 전문', NULL),
       (28, 206, '안효정', 'VET-00056', '치과 전문', NULL),
       (29, 207, '배준혁', 'VET-00057', '안과 전문', NULL),
       (29, 208, '원지은', 'VET-00058', '피부과 전문', NULL),
       (30, 209, '홍성우', 'VET-00059', '치과 전문', NULL),
       (30, 210, '문예린', 'VET-00060', '외과 전문', NULL),
       (31, 211, '서태준', 'VET-00061', '안과 전문', NULL),
       (31, 212, '권민아', 'VET-00062', '치과 전문', NULL),
       (32, 213, '유현우', 'VET-00063', '내과 전문', NULL),
       (32, 214, '백소영', 'VET-00064', '외과 전문', NULL),
       (33, 215, '남기석', 'VET-00065', '피부과 전문', NULL),
       (33, 216, '황지수', 'VET-00066', '치과 전문', NULL),
       (34, 217, '전민재', 'VET-00067', '외과 전문', NULL),
       (34, 218, '곽은비', 'VET-00068', '내과 전문', NULL),
       (35, 219, '마성호', 'VET-00069', '피부과 전문', NULL),
       (35, 220, '구지윤', 'VET-00070', '내과 전문', NULL),
       (36, 221, '심재원', 'VET-00071', '내과 전문', NULL),
       (36, 222, '지민경', 'VET-00072', '치과 전문', NULL),
       (37, 223, '엄태현', 'VET-00073', '치과 전문', NULL),
       (37, 224, '갈수빈', 'VET-00074', '치과 전문', NULL),
       (38, 225, '변준서', 'VET-00075', '안과 전문', NULL),
       (38, 226, '표시연', 'VET-00076', '내과 전문', NULL),
       (39, 227, '양민규', 'VET-00077', '내과 전문', NULL),
       (39, 228, '반예진', 'VET-00078', '외과 전문', NULL),
       (40, 229, '나호진', 'VET-00079', '치과 전문', NULL),
       (40, 230, '채서진', 'VET-00080', '치과 전문', NULL),
       (41, 231, '김민수', 'VET-00081', '피부과 전문', NULL),
       (41, 232, '이영희', 'VET-00082', '피부과 전문', NULL),
       (42, 233, '박철수', 'VET-00083', '내과 전문', NULL),
       (42, 234, '최지연', 'VET-00084', '내과 전문', NULL),
       (43, 235, '정민호', 'VET-00085', '안과 전문', NULL),
       (43, 236, '강수진', 'VET-00086', '피부과 전문', NULL),
       (44, 237, '조영진', 'VET-00087', '내과 전문', NULL),
       (44, 238, '윤서연', 'VET-00088', '치과 전문', NULL),
       (45, 239, '장민석', 'VET-00089', '피부과 전문', NULL),
       (45, 240, '한지우', 'VET-00090', '치과 전문', NULL),
       (46, 241, '신동현', 'VET-00091', '피부과 전문', NULL),
       (46, 242, '오미진', 'VET-00092', '피부과 전문', NULL),
       (47, 243, '임재훈', 'VET-00093', '외과 전문', NULL),
       (47, 244, '송하영', 'VET-00094', '치과 전문', NULL),
       (48, 245, '노성민', 'VET-00095', '치과 전문', NULL),
       (48, 246, '안효정', 'VET-00096', '안과 전문', NULL),
       (49, 247, '배준혁', 'VET-00097', '외과 전문', NULL),
       (49, 248, '원지은', 'VET-00098', '치과 전문', NULL),
       (50, 249, '홍성우', 'VET-00099', '치과 전문', NULL),
       (50, 250, '문예린', 'VET-00100', '치과 전문', NULL);

-- 6. STAFF 테이블 더미데이터
INSERT INTO staff (hospital_id, auth_id, name)
VALUES (1, 251, '김민수'),
       (1, 252, '이영희'),
       (1, 253, '박철수'),
       (2, 254, '최지연'),
       (2, 255, '정민호'),
       (2, 256, '강수진'),
       (3, 257, '조영진'),
       (3, 258, '윤서연'),
       (3, 259, '장민석'),
       (4, 260, '한지우'),
       (4, 261, '신동현'),
       (4, 262, '오미진'),
       (5, 263, '임재훈'),
       (5, 264, '송하영'),
       (5, 265, '노성민'),
       (6, 266, '안효정'),
       (6, 267, '배준혁'),
       (6, 268, '원지은'),
       (7, 269, '홍성우'),
       (7, 270, '문예린'),
       (7, 271, '서태준'),
       (8, 272, '권민아'),
       (8, 273, '유현우'),
       (8, 274, '백소영'),
       (9, 275, '남기석'),
       (9, 276, '황지수'),
       (9, 277, '전민재'),
       (10, 278, '곽은비'),
       (10, 279, '마성호'),
       (10, 280, '구지윤'),
       (11, 281, '심재원'),
       (11, 282, '지민경'),
       (11, 283, '엄태현'),
       (12, 284, '갈수빈'),
       (12, 285, '변준서'),
       (12, 286, '표시연'),
       (13, 287, '양민규'),
       (13, 288, '반예진'),
       (13, 289, '나호진'),
       (14, 290, '채서진'),
       (14, 291, '김민수'),
       (14, 292, '이영희'),
       (15, 293, '박철수'),
       (15, 294, '최지연'),
       (15, 295, '정민호'),
       (16, 296, '강수진'),
       (16, 297, '조영진'),
       (16, 298, '윤서연'),
       (17, 299, '장민석'),
       (17, 300, '한지우'),
       (17, 301, '신동현'),
       (18, 302, '오미진'),
       (18, 303, '임재훈'),
       (18, 304, '송하영'),
       (19, 305, '노성민'),
       (19, 306, '안효정'),
       (19, 307, '배준혁'),
       (20, 308, '원지은'),
       (20, 309, '홍성우'),
       (20, 310, '문예린'),
       (21, 311, '서태준'),
       (21, 312, '권민아'),
       (21, 313, '유현우'),
       (22, 314, '백소영'),
       (22, 315, '남기석'),
       (22, 316, '황지수'),
       (23, 317, '전민재'),
       (23, 318, '곽은비'),
       (23, 319, '마성호'),
       (24, 320, '구지윤'),
       (24, 321, '심재원'),
       (24, 322, '지민경'),
       (25, 323, '엄태현'),
       (25, 324, '갈수빈'),
       (25, 325, '변준서'),
       (26, 326, '표시연'),
       (26, 327, '양민규'),
       (26, 328, '반예진'),
       (27, 329, '나호진'),
       (27, 330, '채서진'),
       (27, 331, '김민수'),
       (28, 332, '이영희'),
       (28, 333, '박철수'),
       (28, 334, '최지연'),
       (29, 335, '정민호'),
       (29, 336, '강수진'),
       (29, 337, '조영진'),
       (30, 338, '윤서연'),
       (30, 339, '장민석'),
       (30, 340, '한지우'),
       (31, 341, '신동현'),
       (31, 342, '오미진'),
       (31, 343, '임재훈'),
       (32, 344, '송하영'),
       (32, 345, '노성민'),
       (32, 346, '안효정'),
       (33, 347, '배준혁'),
       (33, 348, '원지은'),
       (33, 349, '홍성우'),
       (34, 350, '문예린'),
       (34, 351, '서태준'),
       (34, 352, '권민아'),
       (35, 353, '유현우'),
       (35, 354, '백소영'),
       (35, 355, '남기석'),
       (36, 356, '황지수'),
       (36, 357, '전민재'),
       (36, 358, '곽은비'),
       (37, 359, '마성호'),
       (37, 360, '구지윤'),
       (37, 361, '심재원'),
       (38, 362, '지민경'),
       (38, 363, '엄태현'),
       (38, 364, '갈수빈'),
       (39, 365, '변준서'),
       (39, 366, '표시연'),
       (39, 367, '양민규'),
       (40, 368, '반예진'),
       (40, 369, '나호진'),
       (40, 370, '채서진'),
       (41, 371, '김민수'),
       (41, 372, '이영희'),
       (41, 373, '박철수'),
       (42, 374, '최지연'),
       (42, 375, '정민호'),
       (42, 376, '강수진'),
       (43, 377, '조영진'),
       (43, 378, '윤서연'),
       (43, 379, '장민석'),
       (44, 380, '한지우'),
       (44, 381, '신동현'),
       (44, 382, '오미진'),
       (45, 383, '임재훈'),
       (45, 384, '송하영'),
       (45, 385, '노성민'),
       (46, 386, '안효정'),
       (46, 387, '배준혁'),
       (46, 388, '원지은'),
       (47, 389, '홍성우'),
       (47, 390, '문예린'),
       (47, 391, '서태준'),
       (48, 392, '권민아'),
       (48, 393, '유현우'),
       (48, 394, '백소영'),
       (49, 395, '남기석'),
       (49, 396, '황지수'),
       (49, 397, '전민재'),
       (50, 398, '곽은비'),
       (50, 399, '마성호'),
       (50, 400, '구지윤');

-- 7. WORKING_HOUR 테이블 더미데이터
INSERT INTO working_hour (vet_id, day, start_time, end_time)
VALUES
;

-- 8. FIRST_TREATMENT 테이블 더미데이터
INSERT INTO first_treatment (hospital_id, pet_id, owner_id)
VALUES (39, 1, 1),
       (10, 2, 1),
       (6, 3, 2),
       (30, 4, 2),
       (19, 5, 3),
       (49, 6, 3),
       (35, 7, 4),
       (33, 8, 4),
       (24, 9, 5),
       (27, 10, 5),
       (21, 11, 6),
       (44, 12, 6),
       (43, 13, 7),
       (6, 14, 7),
       (11, 15, 8),
       (35, 16, 8),
       (37, 17, 9),
       (30, 18, 9),
       (14, 19, 10),
       (19, 20, 10),
       (28, 21, 11),
       (26, 22, 11),
       (7, 23, 12),
       (35, 24, 12),
       (24, 25, 13),
       (44, 26, 13),
       (6, 27, 14),
       (1, 28, 14),
       (13, 29, 15),
       (43, 30, 15),
       (18, 31, 16),
       (18, 32, 16),
       (2, 33, 17),
       (44, 34, 17),
       (22, 35, 18),
       (34, 36, 18),
       (6, 37, 19),
       (28, 38, 19),
       (46, 39, 20),
       (17, 40, 20),
       (16, 41, 21),
       (35, 42, 21),
       (1, 43, 22),
       (13, 44, 22),
       (37, 45, 23),
       (12, 46, 23),
       (49, 47, 24),
       (7, 48, 24),
       (18, 49, 25),
       (5, 50, 25),
       (21, 51, 26),
       (17, 52, 26),
       (46, 53, 27),
       (14, 54, 27),
       (47, 55, 28),
       (4, 56, 28),
       (28, 57, 29),
       (36, 58, 29),
       (22, 59, 30),
       (39, 60, 30),
       (48, 61, 31),
       (5, 62, 31),
       (6, 63, 32),
       (26, 64, 32),
       (3, 65, 33),
       (29, 66, 33),
       (45, 67, 34),
       (50, 68, 34),
       (24, 69, 35),
       (40, 70, 35),
       (16, 71, 36),
       (21, 72, 36),
       (25, 73, 37),
       (16, 74, 37),
       (28, 75, 38),
       (17, 76, 38),
       (22, 77, 39),
       (38, 78, 39),
       (50, 79, 40),
       (5, 80, 40),
       (37, 81, 41),
       (20, 82, 41),
       (26, 83, 42),
       (28, 84, 42),
       (47, 85, 43),
       (23, 86, 43),
       (35, 87, 44),
       (7, 88, 44),
       (29, 89, 45),
       (9, 90, 45),
       (27, 91, 46),
       (38, 92, 46),
       (15, 93, 47),
       (38, 94, 47),
       (45, 95, 48),
       (5, 96, 48),
       (23, 97, 49),
       (29, 98, 49),
       (26, 99, 50),
       (18, 100, 50);

-- 9. RESERVATION 테이블 더미데이터
INSERT INTO reservation (owner_id, pet_id, hospital_id, vet_id, reservation_day, reservation_time, photo, description,
                         subject, status, is_revisit)
VALUES (37, 54, 25, 49, '2025-08-04', 15, NULL, '정기검진', 'OPHTHALMOLOGY', 'COMPLETED', TRUE),
       (112, 31, 18, 35, '2025-08-06', 14, NULL, '예방접종', 'EMERGENCY', 'REQUESTED', FALSE),
       (55, 248, 28, 55, '2025-08-11', 11, NULL, '응급처치', 'EMERGENCY', 'APPROVED', TRUE),
       (124, 227, 31, 61, '2025-08-09', 16, NULL, '응급처치', 'ORTHOPEDICS', 'APPROVED', FALSE),
       (6, 275, 48, 95, '2025-08-21', 12, NULL, '응급처치', 'EMERGENCY', 'APPROVED', TRUE),
       (27, 294, 23, 45, '2025-08-03', 10, NULL, '상담', 'EMERGENCY', 'APPROVED', FALSE),
       (93, 62, 47, 93, '2025-08-09', 9, NULL, '정기검진', 'SURGERY', 'REJECTED', TRUE),
       (121, 39, 23, 46, '2025-08-21', 11, NULL, '상담', 'DENTAL', 'REQUESTED', FALSE),
       (65, 126, 24, 47, '2025-08-07', 11, NULL, '정기검진', 'DERMATOLOGY', 'REJECTED', TRUE),
       (31, 135, 37, 74, '2025-08-18', 9, NULL, '치료', 'OPHTHALMOLOGY', 'REJECTED', TRUE),
       (127, 211, 31, 61, '2025-08-18', 9, NULL, '정기검진', 'OPHTHALMOLOGY', 'REJECTED', FALSE),
       (111, 289, 42, 84, '2025-08-26', 11, NULL, '예방접종', 'EMERGENCY', 'COMPLETED', TRUE),
       (60, 249, 7, 14, '2025-08-04', 10, NULL, '상담', 'EMERGENCY', 'REQUESTED', TRUE),
       (118, 69, 35, 70, '2025-08-24', 9, NULL, '상담', 'DENTAL', 'COMPLETED', FALSE),
       (146, 283, 4, 7, '2025-08-26', 10, NULL, '응급처치', 'DENTAL', 'REQUESTED', FALSE),
       (31, 172, 11, 22, '2025-08-21', 12, NULL, '치료', 'OPHTHALMOLOGY', 'REJECTED', FALSE),
       (80, 202, 50, 99, '2025-08-07', 9, NULL, '치료', 'EMERGENCY', 'REJECTED', FALSE),
       (22, 99, 10, 20, '2025-08-18', 15, NULL, '응급처치', 'DENTAL', 'REQUESTED', FALSE),
       (83, 268, 25, 49, '2025-08-06', 11, NULL, '응급처치', 'GENERAL', 'REJECTED', FALSE),
       (15, 50, 18, 36, '2025-08-07', 14, NULL, '예방접종', 'DERMATOLOGY', 'APPROVED', FALSE),
       (140, 17, 48, 96, '2025-08-13', 10, NULL, '응급처치', 'SURGERY', 'COMPLETED', FALSE),
       (119, 187, 16, 31, '2025-08-19', 12, NULL, '예방접종', 'DERMATOLOGY', 'REQUESTED', FALSE),
       (41, 284, 12, 24, '2025-08-03', 10, NULL, '정기검진', 'DERMATOLOGY', 'COMPLETED', TRUE),
       (120, 122, 29, 57, '2025-08-21', 9, NULL, '상담', 'SURGERY', 'APPROVED', FALSE),
       (115, 25, 35, 70, '2025-08-09', 14, NULL, '정기검진', 'DENTAL', 'COMPLETED', FALSE),
       (138, 77, 40, 79, '2025-08-09', 9, NULL, '정기검진', 'EMERGENCY', 'REJECTED', FALSE),
       (123, 272, 44, 87, '2025-08-19', 16, NULL, '예방접종', 'SURGERY', 'COMPLETED', FALSE),
       (91, 197, 2, 4, '2025-08-06', 9, NULL, '정기검진', 'ORTHOPEDICS', 'COMPLETED', FALSE),
       (48, 221, 35, 70, '2025-08-14', 10, NULL, '치료', 'EMERGENCY', 'REQUESTED', FALSE),
       (26, 10, 16, 32, '2025-08-18', 13, NULL, '정기검진', 'SURGERY', 'COMPLETED', TRUE),
       (11, 242, 8, 16, '2025-08-24', 16, NULL, '응급처치', 'EMERGENCY', 'REQUESTED', FALSE),
       (129, 117, 39, 78, '2025-08-05', 9, NULL, '치료', 'DENTAL', 'APPROVED', FALSE),
       (118, 75, 20, 39, '2025-08-11', 15, NULL, '예방접종', 'DERMATOLOGY', 'REJECTED', TRUE),
       (110, 156, 32, 64, '2025-08-01', 12, NULL, '정기검진', 'ORTHOPEDICS', 'APPROVED', TRUE),
       (35, 177, 43, 86, '2025-08-27', 10, NULL, '응급처치', 'OPHTHALMOLOGY', 'REQUESTED', FALSE),
       (113, 20, 6, 12, '2025-08-29', 13, NULL, '응급처치', 'DENTAL', 'COMPLETED', TRUE),
       (44, 67, 27, 53, '2025-08-01', 13, NULL, '예방접종', 'DERMATOLOGY', 'APPROVED', FALSE),
       (143, 28, 36, 71, '2025-08-17', 11, NULL, '상담', 'SURGERY', 'REQUESTED', FALSE),
       (2, 101, 12, 24, '2025-08-15', 13, NULL, '정기검진', 'DENTAL', 'REJECTED', FALSE),
       (131, 270, 48, 96, '2025-08-08', 16, NULL, '치료', 'DERMATOLOGY', 'APPROVED', FALSE),
       (33, 74, 5, 10, '2025-08-29', 13, NULL, '정기검진', 'DERMATOLOGY', 'APPROVED', TRUE),
       (20, 240, 15, 30, '2025-08-16', 13, NULL, '예방접종', 'ORTHOPEDICS', 'REJECTED', FALSE),
       (126, 199, 40, 79, '2025-08-14', 10, NULL, '정기검진', 'SURGERY', 'REQUESTED', TRUE),
       (138, 57, 32, 64, '2025-08-29', 11, NULL, '예방접종', 'EMERGENCY', 'COMPLETED', FALSE),
       (32, 175, 48, 95, '2025-08-25', 10, NULL, '응급처치', 'OPHTHALMOLOGY', 'REJECTED', FALSE),
       (27, 257, 11, 21, '2025-08-23', 9, NULL, '상담', 'SURGERY', 'COMPLETED', FALSE),
       (36, 147, 10, 20, '2025-08-07', 16, NULL, '정기검진', 'ORTHOPEDICS', 'COMPLETED', FALSE),
       (8, 251, 20, 40, '2025-08-27', 15, NULL, '치료', 'ORTHOPEDICS', 'COMPLETED', FALSE),
       (74, 257, 1, 2, '2025-08-04', 16, NULL, '상담', 'EMERGENCY', 'REJECTED', TRUE),
       (148, 39, 35, 69, '2025-08-11', 11, NULL, '치료', 'OPHTHALMOLOGY', 'REJECTED', TRUE),
       (42, 218, 49, 98, '2025-08-10', 14, NULL, '정기검진', 'ORTHOPEDICS', 'REQUESTED', FALSE),
       (110, 162, 44, 88, '2025-08-26', 10, NULL, '상담', 'ORTHOPEDICS', 'REQUESTED', TRUE),
       (134, 88, 25, 49, '2025-08-17', 12, NULL, '정기검진', 'DENTAL', 'COMPLETED', FALSE),
       (18, 44, 32, 63, '2025-08-24', 14, NULL, '응급처치', 'EMERGENCY', 'COMPLETED', FALSE),
       (125, 245, 11, 22, '2025-08-03', 9, NULL, '정기검진', 'EMERGENCY', 'REJECTED', FALSE),
       (14, 150, 32, 64, '2025-08-11', 14, NULL, '정기검진', 'EMERGENCY', 'APPROVED', FALSE),
       (37, 291, 35, 69, '2025-08-23', 15, NULL, '상담', 'ORTHOPEDICS', 'REQUESTED', TRUE),
       (145, 297, 37, 73, '2025-08-04', 11, NULL, '상담', 'ORTHOPEDICS', 'APPROVED', FALSE),
       (76, 209, 7, 13, '2025-08-15', 14, NULL, '예방접종', 'DERMATOLOGY', 'COMPLETED', TRUE),
       (87, 72, 42, 84, '2025-08-19', 16, NULL, '정기검진', 'DENTAL', 'APPROVED', TRUE),
       (5, 280, 45, 90, '2025-08-13', 13, NULL, '정기검진', 'DENTAL', 'COMPLETED', FALSE),
       (114, 227, 38, 75, '2025-08-06', 15, NULL, '정기검진', 'GENERAL', 'COMPLETED', FALSE),
       (74, 199, 16, 32, '2025-08-03', 14, NULL, '정기검진', 'DENTAL', 'COMPLETED', FALSE),
       (72, 249, 27, 54, '2025-08-29', 16, NULL, '정기검진', 'DENTAL', 'REJECTED', FALSE),
       (125, 226, 18, 36, '2025-08-06', 10, NULL, '정기검진', 'DENTAL', 'REQUESTED', FALSE),
       (20, 158, 11, 22, '2025-08-19', 10, NULL, '예방접종', 'GENERAL', 'COMPLETED', FALSE),
       (106, 251, 11, 22, '2025-08-13', 14, NULL, '정기검진', 'SURGERY', 'COMPLETED', FALSE),
       (95, 232, 45, 90, '2025-08-13', 9, NULL, '정기검진', 'OPHTHALMOLOGY', 'APPROVED', FALSE),
       (30, 189, 43, 86, '2025-08-05', 9, NULL, '응급처치', 'SURGERY', 'APPROVED', FALSE),
       (98, 298, 42, 83, '2025-08-10', 11, NULL, '예방접종', 'OPHTHALMOLOGY', 'APPROVED', FALSE),
       (121, 201, 48, 95, '2025-08-18', 11, NULL, '정기검진', 'OPHTHALMOLOGY', 'COMPLETED', FALSE),
       (107, 237, 49, 97, '2025-08-19', 14, NULL, '정기검진', 'OPHTHALMOLOGY', 'REJECTED', FALSE),
       (53, 168, 49, 98, '2025-08-24', 15, NULL, '상담', 'DENTAL', 'COMPLETED', FALSE),
       (59, 273, 1, 2, '2025-08-23', 12, NULL, '정기검진', 'ORTHOPEDICS', 'REJECTED', FALSE),
       (101, 27, 47, 93, '2025-08-08', 12, NULL, '치료', 'GENERAL', 'REQUESTED', TRUE),
       (91, 183, 44, 88, '2025-08-01', 12, NULL, '상담', 'DERMATOLOGY', 'COMPLETED', FALSE),
       (119, 299, 28, 56, '2025-08-05', 15, NULL, '정기검진', 'OPHTHALMOLOGY', 'REQUESTED', FALSE),
       (105, 16, 47, 94, '2025-08-20', 16, NULL, '예방접종', 'DENTAL', 'REQUESTED', FALSE),
       (4, 291, 21, 41, '2025-08-23', 10, NULL, '상담', 'DENTAL', 'REJECTED', FALSE),
       (141, 2, 31, 61, '2025-08-13', 16, NULL, '예방접종', 'GENERAL', 'APPROVED', TRUE),
       (2, 218, 42, 83, '2025-08-05', 14, NULL, '상담', 'GENERAL', 'COMPLETED', FALSE),
       (125, 70, 29, 57, '2025-08-06', 13, NULL, '응급처치', 'DENTAL', 'APPROVED', FALSE),
       (79, 181, 30, 59, '2025-08-18', 14, NULL, '치료', 'SURGERY', 'REJECTED', FALSE),
       (84, 78, 22, 43, '2025-08-12', 9, NULL, '상담', 'DENTAL', 'REJECTED', TRUE),
       (144, 197, 2, 4, '2025-08-28', 16, NULL, '응급처치', 'DERMATOLOGY', 'APPROVED', FALSE),
       (27, 85, 30, 60, '2025-08-01', 14, NULL, '정기검진', 'EMERGENCY', 'REQUESTED', FALSE),
       (63, 157, 34, 68, '2025-08-19', 11, NULL, '응급처치', 'ORTHOPEDICS', 'APPROVED', FALSE),
       (13, 76, 14, 28, '2025-08-26', 16, NULL, '상담', 'DENTAL', 'REQUESTED', FALSE),
       (65, 142, 13, 25, '2025-08-29', 10, NULL, '응급처치', 'GENERAL', 'REJECTED', FALSE),
       (34, 291, 18, 36, '2025-08-27', 12, NULL, '응급처치', 'DERMATOLOGY', 'COMPLETED', TRUE),
       (33, 280, 4, 7, '2025-08-05', 9, NULL, '응급처치', 'DENTAL', 'REJECTED', FALSE),
       (138, 82, 45, 90, '2025-08-02', 16, NULL, '치료', 'SURGERY', 'REJECTED', FALSE),
       (51, 7, 39, 78, '2025-08-15', 10, NULL, '예방접종', 'DENTAL', 'APPROVED', TRUE),
       (28, 3, 13, 26, '2025-08-26', 13, NULL, '치료', 'GENERAL', 'APPROVED', TRUE),
       (48, 36, 48, 96, '2025-08-27', 13, NULL, '치료', 'EMERGENCY', 'COMPLETED', FALSE),
       (107, 204, 22, 44, '2025-08-13', 15, NULL, '정기검진', 'EMERGENCY', 'REQUESTED', FALSE),
       (38, 102, 21, 41, '2025-08-11', 15, NULL, '정기검진', 'SURGERY', 'COMPLETED', FALSE),
       (90, 285, 5, 9, '2025-08-18', 11, NULL, '예방접종', 'OPHTHALMOLOGY', 'REJECTED', TRUE),
       (44, 100, 7, 14, '2025-08-07', 12, NULL, '상담', 'GENERAL', 'REQUESTED', FALSE),
       (137, 18, 25, 50, '2025-08-21', 13, NULL, '정기검진', 'OPHTHALMOLOGY', 'REJECTED', FALSE),
       (59, 50, 40, 79, '2025-08-18', 11, NULL, '치료', 'ORTHOPEDICS', 'REJECTED', FALSE),
       (88, 260, 5, 10, '2025-08-28', 14, NULL, '치료', 'SURGERY', 'APPROVED', FALSE),
       (103, 19, 49, 97, '2025-08-18', 15, NULL, '상담', 'ORTHOPEDICS', 'REQUESTED', TRUE),
       (80, 239, 28, 55, '2025-08-23', 9, NULL, '예방접종', 'SURGERY', 'COMPLETED', FALSE),
       (138, 206, 50, 99, '2025-08-25', 12, NULL, '응급처치', 'ORTHOPEDICS', 'COMPLETED', FALSE),
       (105, 181, 4, 8, '2025-08-10', 15, NULL, '응급처치', 'ORTHOPEDICS', 'REQUESTED', TRUE),
       (94, 62, 36, 71, '2025-08-17', 12, NULL, '정기검진', 'DERMATOLOGY', 'REJECTED', TRUE),
       (75, 259, 38, 75, '2025-08-05', 15, NULL, '상담', 'SURGERY', 'APPROVED', FALSE),
       (117, 238, 11, 21, '2025-08-20', 16, NULL, '치료', 'DERMATOLOGY', 'REQUESTED', FALSE),
       (31, 4, 39, 78, '2025-08-16', 14, NULL, '응급처치', 'EMERGENCY', 'REJECTED', FALSE),
       (50, 253, 1, 2, '2025-08-04', 10, NULL, '응급처치', 'DERMATOLOGY', 'APPROVED', TRUE),
       (40, 51, 9, 17, '2025-08-19', 11, NULL, '정기검진', 'EMERGENCY', 'REQUESTED', FALSE),
       (63, 106, 49, 98, '2025-08-20', 15, NULL, '예방접종', 'DENTAL', 'REJECTED', FALSE),
       (86, 67, 1, 2, '2025-08-04', 12, NULL, '치료', 'ORTHOPEDICS', 'REJECTED', FALSE),
       (4, 1, 36, 72, '2025-08-25', 11, NULL, '상담', 'SURGERY', 'COMPLETED', FALSE),
       (127, 262, 16, 32, '2025-08-18', 12, NULL, '치료', 'OPHTHALMOLOGY', 'REQUESTED', FALSE),
       (13, 120, 12, 23, '2025-08-11', 10, NULL, '정기검진', 'DENTAL', 'REQUESTED', FALSE),
       (65, 180, 47, 94, '2025-08-16', 11, NULL, '정기검진', 'SURGERY', 'APPROVED', TRUE),
       (66, 203, 38, 76, '2025-08-01', 14, NULL, '상담', 'OPHTHALMOLOGY', 'COMPLETED', FALSE),
       (8, 197, 32, 64, '2025-08-28', 14, NULL, '상담', 'SURGERY', 'COMPLETED', FALSE),
       (35, 151, 33, 66, '2025-08-27', 9, NULL, '응급처치', 'DERMATOLOGY', 'REJECTED', FALSE),
       (85, 159, 42, 84, '2025-08-01', 15, NULL, '예방접종', 'OPHTHALMOLOGY', 'APPROVED', TRUE),
       (92, 195, 1, 2, '2025-08-03', 9, NULL, '정기검진', 'DENTAL', 'APPROVED', FALSE),
       (99, 216, 8, 16, '2025-08-21', 13, NULL, '상담', 'GENERAL', 'REQUESTED', FALSE),
       (105, 99, 8, 16, '2025-08-16', 13, NULL, '정기검진', 'DENTAL', 'REJECTED', FALSE),
       (98, 226, 1, 1, '2025-08-04', 10, NULL, '상담', 'ORTHOPEDICS', 'REQUESTED', FALSE),
       (54, 2, 1, 2, '2025-08-26', 13, NULL, '상담', 'EMERGENCY', 'COMPLETED', FALSE),
       (95, 44, 13, 26, '2025-08-05', 10, NULL, '정기검진', 'EMERGENCY', 'APPROVED', FALSE),
       (123, 186, 19, 37, '2025-08-21', 14, NULL, '응급처치', 'ORTHOPEDICS', 'REJECTED', FALSE),
       (70, 240, 11, 21, '2025-08-10', 14, NULL, '상담', 'ORTHOPEDICS', 'REQUESTED', FALSE),
       (131, 212, 23, 45, '2025-08-20', 10, NULL, '응급처치', 'ORTHOPEDICS', 'REJECTED', TRUE),
       (141, 194, 19, 38, '2025-08-24', 15, NULL, '상담', 'SURGERY', 'REJECTED', FALSE),
       (85, 59, 12, 23, '2025-08-02', 13, NULL, '정기검진', 'OPHTHALMOLOGY', 'APPROVED', TRUE),
       (84, 188, 26, 52, '2025-08-07', 9, NULL, '치료', 'EMERGENCY', 'REJECTED', TRUE),
       (98, 83, 3, 5, '2025-08-20', 16, NULL, '예방접종', 'OPHTHALMOLOGY', 'REJECTED', TRUE),
       (72, 15, 41, 82, '2025-08-25', 12, NULL, '상담', 'DERMATOLOGY', 'REJECTED', FALSE),
       (91, 177, 32, 64, '2025-08-02', 9, NULL, '응급처치', 'SURGERY', 'REQUESTED', FALSE),
       (69, 32, 7, 13, '2025-08-15', 13, NULL, '상담', 'GENERAL', 'REJECTED', FALSE),
       (64, 199, 1, 2, '2025-08-22', 10, NULL, '정기검진', 'DERMATOLOGY', 'REJECTED', TRUE),
       (26, 209, 31, 62, '2025-08-27', 14, NULL, '응급처치', 'DENTAL', 'REQUESTED', FALSE),
       (41, 98, 16, 31, '2025-08-16', 10, NULL, '응급처치', 'GENERAL', 'REJECTED', TRUE),
       (44, 165, 40, 80, '2025-08-25', 11, NULL, '예방접종', 'SURGERY', 'REJECTED', FALSE),
       (75, 2, 14, 27, '2025-08-08', 14, NULL, '상담', 'DENTAL', 'REQUESTED', TRUE),
       (121, 155, 2, 3, '2025-08-01', 10, NULL, '정기검진', 'GENERAL', 'REQUESTED', FALSE),
       (14, 231, 38, 75, '2025-08-27', 11, NULL, '예방접종', 'SURGERY', 'COMPLETED', TRUE),
       (45, 162, 28, 56, '2025-08-13', 9, NULL, '예방접종', 'DERMATOLOGY', 'REQUESTED', FALSE),
       (3, 155, 37, 74, '2025-08-22', 9, NULL, '예방접종', 'GENERAL', 'REQUESTED', FALSE),
       (87, 61, 2, 3, '2025-08-07', 12, NULL, '상담', 'DERMATOLOGY', 'APPROVED', FALSE),
       (129, 188, 8, 15, '2025-08-18', 13, NULL, '예방접종', 'ORTHOPEDICS', 'REQUESTED', TRUE),
       (21, 224, 41, 81, '2025-08-03', 11, NULL, '정기검진', 'GENERAL', 'COMPLETED', FALSE),
       (63, 80, 22, 44, '2025-08-03', 12, NULL, '상담', 'GENERAL', 'COMPLETED', FALSE),
       (115, 240, 14, 28, '2025-08-12', 13, NULL, '치료', 'ORTHOPEDICS', 'REQUESTED', FALSE),
       (133, 132, 29, 58, '2025-08-11', 10, NULL, '응급처치', 'GENERAL', 'REQUESTED', FALSE),
       (56, 212, 2, 3, '2025-08-10', 16, NULL, '예방접종', 'DENTAL', 'REJECTED', FALSE),
       (120, 220, 27, 53, '2025-08-05', 12, NULL, '예방접종', 'SURGERY', 'REJECTED', FALSE),
       (142, 125, 17, 34, '2025-08-08', 14, NULL, '예방접종', 'GENERAL', 'REQUESTED', FALSE),
       (48, 47, 24, 48, '2025-08-03', 16, NULL, '응급처치', 'GENERAL', 'COMPLETED', FALSE),
       (67, 212, 23, 45, '2025-08-09', 14, NULL, '예방접종', 'DENTAL', 'REJECTED', FALSE),
       (14, 111, 37, 74, '2025-08-25', 10, NULL, '상담', 'ORTHOPEDICS', 'APPROVED', TRUE),
       (128, 225, 33, 65, '2025-08-25', 14, NULL, '응급처치', 'EMERGENCY', 'APPROVED', FALSE),
       (35, 249, 35, 70, '2025-08-26', 15, NULL, '응급처치', 'DERMATOLOGY', 'APPROVED', FALSE),
       (86, 122, 31, 61, '2025-08-09', 15, NULL, '응급처치', 'EMERGENCY', 'REJECTED', TRUE),
       (138, 261, 7, 13, '2025-08-11', 9, NULL, '응급처치', 'DENTAL', 'REJECTED', TRUE),
       (33, 179, 36, 71, '2025-08-23', 15, NULL, '예방접종', 'SURGERY', 'APPROVED', FALSE),
       (58, 220, 29, 58, '2025-08-14', 9, NULL, '예방접종', 'DENTAL', 'REQUESTED', TRUE),
       (119, 39, 21, 41, '2025-08-12', 12, NULL, '치료', 'ORTHOPEDICS', 'COMPLETED', TRUE),
       (76, 253, 4, 7, '2025-08-10', 12, NULL, '응급처치', 'OPHTHALMOLOGY', 'APPROVED', FALSE),
       (10, 295, 23, 46, '2025-08-03', 11, NULL, '상담', 'ORTHOPEDICS', 'APPROVED', FALSE),
       (130, 195, 4, 7, '2025-08-20', 15, NULL, '응급처치', 'DENTAL', 'REJECTED', FALSE),
       (9, 282, 23, 46, '2025-08-29', 9, NULL, '상담', 'EMERGENCY', 'REJECTED', FALSE),
       (119, 31, 43, 86, '2025-08-24', 9, NULL, '응급처치', 'SURGERY', 'REQUESTED', FALSE),
       (141, 115, 16, 31, '2025-08-06', 16, NULL, '예방접종', 'EMERGENCY', 'REQUESTED', FALSE),
       (109, 123, 17, 34, '2025-08-14', 16, NULL, '응급처치', 'ORTHOPEDICS', 'REQUESTED', FALSE),
       (13, 216, 7, 13, '2025-08-07', 12, NULL, '치료', 'SURGERY', 'REJECTED', FALSE),
       (113, 299, 21, 41, '2025-08-01', 14, NULL, '응급처치', 'GENERAL', 'REQUESTED', FALSE),
       (72, 152, 2, 3, '2025-08-20', 11, NULL, '응급처치', 'GENERAL', 'REQUESTED', FALSE),
       (28, 102, 8, 16, '2025-08-24', 13, NULL, '정기검진', 'OPHTHALMOLOGY', 'REJECTED', FALSE),
       (124, 158, 40, 80, '2025-08-21', 13, NULL, '응급처치', 'ORTHOPEDICS', 'REJECTED', TRUE),
       (111, 51, 44, 87, '2025-08-14', 11, NULL, '응급처치', 'DENTAL', 'REQUESTED', FALSE),
       (39, 31, 46, 92, '2025-08-11', 10, NULL, '정기검진', 'GENERAL', 'APPROVED', TRUE),
       (87, 277, 46, 92, '2025-08-14', 14, NULL, '예방접종', 'EMERGENCY', 'REQUESTED', TRUE),
       (17, 3, 47, 94, '2025-08-28', 14, NULL, '예방접종', 'GENERAL', 'APPROVED', FALSE),
       (105, 261, 35, 70, '2025-08-04', 12, NULL, '응급처치', 'DERMATOLOGY', 'COMPLETED', FALSE),
       (48, 122, 29, 58, '2025-08-19', 11, NULL, '예방접종', 'OPHTHALMOLOGY', 'APPROVED', TRUE),
       (71, 19, 42, 83, '2025-08-14', 11, NULL, '상담', 'EMERGENCY', 'REJECTED', FALSE),
       (56, 54, 31, 61, '2025-08-30', 9, NULL, '상담', 'GENERAL', 'REQUESTED', TRUE),
       (6, 280, 43, 85, '2025-08-27', 16, NULL, '예방접종', 'DENTAL', 'REJECTED', FALSE),
       (117, 119, 38, 75, '2025-08-16', 15, NULL, '치료', 'EMERGENCY', 'REQUESTED', FALSE),
       (134, 139, 50, 100, '2025-08-30', 14, NULL, '치료', 'SURGERY', 'REQUESTED', FALSE),
       (19, 155, 2, 4, '2025-08-19', 9, NULL, '치료', 'GENERAL', 'REQUESTED', TRUE),
       (103, 56, 38, 75, '2025-08-20', 15, NULL, '상담', 'DENTAL', 'REJECTED', FALSE),
       (149, 4, 46, 91, '2025-08-04', 12, NULL, '정기검진', 'SURGERY', 'REQUESTED', TRUE),
       (76, 6, 1, 2, '2025-08-10', 10, NULL, '예방접종', 'ORTHOPEDICS', 'APPROVED', FALSE),
       (3, 85, 13, 26, '2025-08-24', 10, NULL, '정기검진', 'OPHTHALMOLOGY', 'COMPLETED', FALSE),
       (15, 289, 19, 37, '2025-08-20', 9, NULL, '예방접종', 'OPHTHALMOLOGY', 'REQUESTED', TRUE),
       (97, 53, 37, 73, '2025-08-15', 10, NULL, '예방접종', 'DERMATOLOGY', 'REJECTED', TRUE),
       (32, 241, 40, 79, '2025-08-08', 12, NULL, '상담', 'DENTAL', 'REQUESTED', FALSE),
       (4, 47, 44, 87, '2025-08-27', 15, NULL, '정기검진', 'GENERAL', 'REJECTED', TRUE),
       (92, 286, 11, 21, '2025-08-02', 10, NULL, '상담', 'DENTAL', 'REQUESTED', FALSE),
       (102, 122, 19, 38, '2025-08-22', 13, NULL, '정기검진', 'EMERGENCY', 'COMPLETED', FALSE),
       (11, 43, 34, 67, '2025-08-09', 14, NULL, '정기검진', 'GENERAL', 'APPROVED', FALSE),
       (66, 247, 12, 23, '2025-08-04', 11, NULL, '정기검진', 'OPHTHALMOLOGY', 'APPROVED', FALSE),
       (140, 223, 12, 24, '2025-08-08', 14, NULL, '정기검진', 'GENERAL', 'COMPLETED', FALSE),
       (40, 211, 18, 35, '2025-08-12', 16, NULL, '응급처치', 'ORTHOPEDICS', 'REJECTED', FALSE),
       (145, 134, 33, 65, '2025-08-14', 15, NULL, '예방접종', 'SURGERY', 'COMPLETED', FALSE),
       (23, 256, 41, 81, '2025-08-23', 15, NULL, '치료', 'DERMATOLOGY', 'REQUESTED', TRUE),
       (46, 33, 16, 32, '2025-08-28', 14, NULL, '정기검진', 'GENERAL', 'APPROVED', FALSE),
       (78, 299, 16, 31, '2025-08-18', 10, NULL, '상담', 'SURGERY', 'REJECTED', FALSE),
       (119, 72, 4, 8, '2025-08-28', 14, NULL, '치료', 'DERMATOLOGY', 'REJECTED', FALSE),
       (113, 97, 11, 22, '2025-08-02', 12, NULL, '응급처치', 'SURGERY', 'APPROVED', FALSE),
       (70, 192, 46, 92, '2025-08-16', 12, NULL, '예방접종', 'EMERGENCY', 'REQUESTED', FALSE),
       (119, 198, 38, 75, '2025-08-15', 11, NULL, '상담', 'DENTAL', 'REQUESTED', FALSE),
       (108, 160, 48, 95, '2025-08-13', 16, NULL, '정기검진', 'GENERAL', 'APPROVED', FALSE),
       (146, 271, 34, 67, '2025-08-21', 15, NULL, '상담', 'OPHTHALMOLOGY', 'COMPLETED', FALSE),
       (95, 140, 43, 85, '2025-08-01', 15, NULL, '예방접종', 'ORTHOPEDICS', 'COMPLETED', FALSE),
       (103, 296, 44, 88, '2025-08-10', 11, NULL, '상담', 'EMERGENCY', 'COMPLETED', FALSE),
       (115, 104, 34, 68, '2025-08-23', 14, NULL, '상담', 'ORTHOPEDICS', 'REJECTED', TRUE),
       (150, 269, 44, 88, '2025-08-29', 12, NULL, '정기검진', 'GENERAL', 'APPROVED', FALSE),
       (75, 160, 13, 25, '2025-08-01', 14, NULL, '치료', 'DERMATOLOGY', 'COMPLETED', TRUE),
       (13, 207, 17, 33, '2025-08-23', 11, NULL, '정기검진', 'DENTAL', 'APPROVED', FALSE),
       (146, 127, 4, 7, '2025-08-16', 13, NULL, '상담', 'DENTAL', 'APPROVED', TRUE),
       (85, 264, 16, 32, '2025-08-12', 10, NULL, '상담', 'OPHTHALMOLOGY', 'REQUESTED', TRUE),
       (12, 140, 26, 51, '2025-08-04', 15, NULL, '상담', 'GENERAL', 'REJECTED', TRUE),
       (124, 20, 37, 74, '2025-08-08', 10, NULL, '치료', 'SURGERY', 'APPROVED', FALSE),
       (26, 158, 28, 55, '2025-08-26', 15, NULL, '상담', 'ORTHOPEDICS', 'REJECTED', TRUE),
       (37, 170, 16, 32, '2025-08-16', 12, NULL, '예방접종', 'EMERGENCY', 'REJECTED', TRUE),
       (98, 220, 15, 29, '2025-08-23', 11, NULL, '응급처치', 'DERMATOLOGY', 'APPROVED', FALSE),
       (119, 295, 33, 65, '2025-08-25', 12, NULL, '정기검진', 'SURGERY', 'APPROVED', FALSE),
       (123, 289, 45, 90, '2025-08-13', 15, NULL, '치료', 'EMERGENCY', 'COMPLETED', FALSE),
       (97, 176, 3, 5, '2025-08-10', 10, NULL, '예방접종', 'GENERAL', 'APPROVED', TRUE),
       (38, 143, 10, 19, '2025-08-13', 13, NULL, '예방접종', 'DENTAL', 'REJECTED', FALSE),
       (31, 134, 50, 100, '2025-08-03', 11, NULL, '응급처치', 'ORTHOPEDICS', 'REJECTED', FALSE),
       (56, 192, 6, 11, '2025-08-17', 9, NULL, '치료', 'DENTAL', 'APPROVED', FALSE),
       (142, 229, 38, 76, '2025-08-12', 11, NULL, '예방접종', 'DERMATOLOGY', 'REQUESTED', TRUE),
       (98, 13, 20, 39, '2025-08-29', 15, NULL, '예방접종', 'DENTAL', 'COMPLETED', FALSE),
       (121, 11, 32, 63, '2025-08-13', 14, NULL, '치료', 'GENERAL', 'APPROVED', FALSE),
       (12, 101, 12, 23, '2025-08-16', 9, NULL, '예방접종', 'EMERGENCY', 'APPROVED', FALSE),
       (24, 194, 15, 30, '2025-08-06', 15, NULL, '응급처치', 'GENERAL', 'COMPLETED', FALSE),
       (64, 141, 27, 53, '2025-08-09', 12, NULL, '치료', 'DERMATOLOGY', 'REJECTED', FALSE),
       (143, 217, 21, 41, '2025-08-18', 15, NULL, '상담', 'DERMATOLOGY', 'REJECTED', TRUE),
       (28, 60, 1, 1, '2025-08-09', 13, NULL, '예방접종', 'EMERGENCY', 'REQUESTED', TRUE),
       (13, 231, 39, 77, '2025-08-28', 16, NULL, '상담', 'EMERGENCY', 'REJECTED', FALSE),
       (56, 138, 9, 17, '2025-08-30', 9, NULL, '응급처치', 'DERMATOLOGY', 'REQUESTED', TRUE),
       (7, 148, 45, 89, '2025-08-13', 9, NULL, '치료', 'ORTHOPEDICS', 'REQUESTED', FALSE),
       (96, 57, 50, 100, '2025-08-17', 13, NULL, '치료', 'DERMATOLOGY', 'REQUESTED', TRUE),
       (129, 51, 32, 64, '2025-08-24', 13, NULL, '상담', 'EMERGENCY', 'COMPLETED', FALSE),
       (130, 123, 31, 61, '2025-08-05', 14, NULL, '정기검진', 'DERMATOLOGY', 'APPROVED', FALSE),
       (64, 129, 33, 66, '2025-08-15', 9, NULL, '응급처치', 'GENERAL', 'COMPLETED', FALSE),
       (14, 154, 24, 47, '2025-08-23', 15, NULL, '상담', 'DENTAL', 'REQUESTED', FALSE),
       (23, 87, 9, 17, '2025-08-09', 11, NULL, '예방접종', 'GENERAL', 'REJECTED', FALSE),
       (141, 108, 19, 37, '2025-08-18', 16, NULL, '응급처치', 'GENERAL', 'REQUESTED', FALSE),
       (25, 162, 18, 36, '2025-08-17', 15, NULL, '치료', 'GENERAL', 'COMPLETED', FALSE),
       (130, 63, 38, 75, '2025-08-25', 14, NULL, '치료', 'ORTHOPEDICS', 'COMPLETED', FALSE),
       (103, 210, 18, 36, '2025-08-10', 16, NULL, '응급처치', 'DENTAL', 'COMPLETED', TRUE),
       (79, 278, 34, 67, '2025-08-21', 14, NULL, '정기검진', 'DENTAL', 'REJECTED', FALSE),
       (112, 98, 47, 93, '2025-08-18', 9, NULL, '응급처치', 'GENERAL', 'COMPLETED', FALSE),
       (60, 176, 41, 81, '2025-08-02', 12, NULL, '치료', 'SURGERY', 'REJECTED', FALSE),
       (108, 61, 15, 30, '2025-08-04', 16, NULL, '정기검진', 'EMERGENCY', 'COMPLETED', FALSE),
       (54, 157, 33, 66, '2025-08-04', 11, NULL, '정기검진', 'OPHTHALMOLOGY', 'COMPLETED', FALSE),
       (122, 152, 2, 4, '2025-08-23', 16, NULL, '예방접종', 'GENERAL', 'REQUESTED', FALSE),
       (106, 133, 9, 17, '2025-08-24', 14, NULL, '정기검진', 'DENTAL', 'REQUESTED', FALSE),
       (131, 166, 35, 69, '2025-08-05', 14, NULL, '상담', 'EMERGENCY', 'APPROVED', TRUE),
       (101, 207, 17, 34, '2025-08-03', 16, NULL, '응급처치', 'DERMATOLOGY', 'REQUESTED', FALSE),
       (137, 278, 32, 63, '2025-08-12', 10, NULL, '정기검진', 'ORTHOPEDICS', 'COMPLETED', FALSE),
       (120, 185, 12, 24, '2025-08-18', 15, NULL, '상담', 'DENTAL', 'REJECTED', FALSE),
       (114, 87, 31, 61, '2025-08-09', 13, NULL, '상담', 'GENERAL', 'REQUESTED', FALSE),
       (75, 207, 24, 48, '2025-08-25', 16, NULL, '예방접종', 'DENTAL', 'REJECTED', FALSE),
       (103, 173, 30, 59, '2025-08-19', 13, NULL, '치료', 'EMERGENCY', 'COMPLETED', FALSE),
       (7, 253, 8, 16, '2025-08-11', 16, NULL, '정기검진', 'SURGERY', 'COMPLETED', FALSE),
       (145, 221, 28, 55, '2025-08-17', 9, NULL, '예방접종', 'GENERAL', 'REQUESTED', FALSE),
       (12, 67, 32, 64, '2025-08-21', 9, NULL, '예방접종', 'EMERGENCY', 'REJECTED', TRUE),
       (100, 22, 8, 15, '2025-08-21', 10, NULL, '응급처치', 'SURGERY', 'REJECTED', FALSE),
       (139, 273, 26, 52, '2025-08-27', 12, NULL, '정기검진', 'EMERGENCY', 'COMPLETED', FALSE),
       (81, 126, 24, 47, '2025-08-15', 11, NULL, '치료', 'DENTAL', 'COMPLETED', FALSE),
       (108, 96, 10, 19, '2025-08-03', 11, NULL, '치료', 'SURGERY', 'REJECTED', TRUE),
       (51, 107, 11, 22, '2025-08-09', 11, NULL, '치료', 'DENTAL', 'APPROVED', TRUE),
       (112, 83, 45, 90, '2025-08-10', 16, NULL, '정기검진', 'DENTAL', 'APPROVED', FALSE),
       (41, 132, 44, 87, '2025-08-21', 16, NULL, '예방접종', 'DENTAL', 'COMPLETED', FALSE),
       (19, 244, 30, 60, '2025-08-01', 10, NULL, '정기검진', 'DERMATOLOGY', 'REJECTED', FALSE),
       (7, 182, 30, 60, '2025-08-04', 15, NULL, '상담', 'DENTAL', 'REJECTED', TRUE),
       (82, 242, 6, 12, '2025-08-17', 9, NULL, '치료', 'SURGERY', 'APPROVED', TRUE),
       (131, 160, 30, 60, '2025-08-11', 11, NULL, '응급처치', 'DENTAL', 'REJECTED', FALSE),
       (109, 189, 17, 33, '2025-08-14', 11, NULL, '정기검진', 'SURGERY', 'REQUESTED', FALSE),
       (9, 90, 16, 31, '2025-08-11', 11, NULL, '응급처치', 'OPHTHALMOLOGY', 'APPROVED', TRUE),
       (133, 71, 36, 71, '2025-08-23', 13, NULL, '상담', 'ORTHOPEDICS', 'REQUESTED', FALSE),
       (40, 269, 1, 2, '2025-08-02', 14, NULL, '치료', 'EMERGENCY', 'REJECTED', FALSE),
       (114, 56, 29, 58, '2025-08-03', 11, NULL, '응급처치', 'EMERGENCY', 'REQUESTED', FALSE),
       (123, 109, 17, 33, '2025-08-21', 10, NULL, '상담', 'DENTAL', 'APPROVED', FALSE),
       (72, 60, 42, 83, '2025-08-14', 12, NULL, '치료', 'DERMATOLOGY', 'APPROVED', FALSE),
       (91, 38, 15, 30, '2025-08-04', 15, NULL, '응급처치', 'OPHTHALMOLOGY', 'APPROVED', FALSE),
       (9, 139, 38, 76, '2025-08-11', 12, NULL, '예방접종', 'DERMATOLOGY', 'REJECTED', TRUE),
       (39, 46, 3, 6, '2025-08-10', 14, NULL, '응급처치', 'OPHTHALMOLOGY', 'COMPLETED', FALSE),
       (16, 74, 17, 33, '2025-08-16', 12, NULL, '예방접종', 'OPHTHALMOLOGY', 'APPROVED', FALSE),
       (140, 264, 21, 41, '2025-08-14', 9, NULL, '치료', 'GENERAL', 'REQUESTED', FALSE),
       (73, 208, 32, 63, '2025-08-08', 10, NULL, '상담', 'DENTAL', 'REJECTED', FALSE),
       (64, 179, 5, 9, '2025-08-01', 14, NULL, '예방접종', 'GENERAL', 'REJECTED', TRUE),
       (125, 58, 38, 76, '2025-08-15', 16, NULL, '정기검진', 'EMERGENCY', 'COMPLETED', TRUE),
       (120, 26, 41, 81, '2025-08-06', 14, NULL, '정기검진', 'ORTHOPEDICS', 'REJECTED', FALSE),
       (150, 27, 3, 5, '2025-08-07', 9, NULL, '상담', 'DENTAL', 'COMPLETED', FALSE),
       (121, 261, 29, 58, '2025-08-16', 13, NULL, '치료', 'ORTHOPEDICS', 'COMPLETED', TRUE),
       (132, 262, 14, 27, '2025-08-06', 14, NULL, '정기검진', 'SURGERY', 'APPROVED', FALSE),
       (66, 154, 7, 14, '2025-08-26', 14, NULL, '정기검진', 'GENERAL', 'REQUESTED', TRUE),
       (29, 101, 23, 45, '2025-08-05', 9, NULL, '치료', 'ORTHOPEDICS', 'REJECTED', FALSE),
       (54, 208, 31, 62, '2025-08-23', 15, NULL, '응급처치', 'SURGERY', 'APPROVED', FALSE),
       (42, 288, 10, 19, '2025-08-24', 9, NULL, '예방접종', 'SURGERY', 'COMPLETED', TRUE),
       (39, 135, 23, 45, '2025-08-17', 14, NULL, '예방접종', 'OPHTHALMOLOGY', 'APPROVED', FALSE),
       (26, 278, 39, 77, '2025-08-05', 16, NULL, '예방접종', 'OPHTHALMOLOGY', 'REJECTED', FALSE),
       (93, 230, 49, 98, '2025-08-21', 9, NULL, '예방접종', 'SURGERY', 'COMPLETED', TRUE),
       (148, 225, 2, 3, '2025-08-16', 12, NULL, '응급처치', 'SURGERY', 'REQUESTED', FALSE),
       (26, 265, 48, 95, '2025-08-02', 16, NULL, '예방접종', 'ORTHOPEDICS', 'COMPLETED', FALSE),
       (74, 153, 12, 23, '2025-08-14', 14, NULL, '예방접종', 'DENTAL', 'REQUESTED', FALSE),
       (99, 280, 2, 3, '2025-08-25', 10, NULL, '예방접종', 'EMERGENCY', 'REJECTED', FALSE),
       (109, 229, 39, 77, '2025-08-03', 12, NULL, '정기검진', 'OPHTHALMOLOGY', 'APPROVED', TRUE),
       (37, 197, 10, 20, '2025-08-18', 13, NULL, '상담', 'EMERGENCY', 'APPROVED', TRUE),
       (72, 212, 6, 12, '2025-08-13', 14, NULL, '상담', 'SURGERY', 'REQUESTED', TRUE),
       (55, 179, 6, 11, '2025-08-04', 12, NULL, '응급처치', 'EMERGENCY', 'APPROVED', TRUE),
       (92, 17, 27, 54, '2025-08-08', 12, NULL, '예방접종', 'DERMATOLOGY', 'REJECTED', TRUE),
       (24, 283, 10, 20, '2025-08-19', 11, NULL, '치료', 'ORTHOPEDICS', 'APPROVED', TRUE),
       (102, 203, 30, 59, '2025-08-09', 10, NULL, '예방접종', 'ORTHOPEDICS', 'REJECTED', FALSE),
       (122, 214, 10, 20, '2025-08-21', 13, NULL, '치료', 'GENERAL', 'APPROVED', FALSE),
       (111, 189, 6, 11, '2025-08-30', 13, NULL, '응급처치', 'GENERAL', 'REQUESTED', FALSE),
       (58, 139, 30, 59, '2025-08-22', 11, NULL, '응급처치', 'DERMATOLOGY', 'REQUESTED', FALSE),
       (62, 187, 38, 76, '2025-08-10', 11, NULL, '예방접종', 'OPHTHALMOLOGY', 'REQUESTED', TRUE),
       (40, 1, 19, 38, '2025-08-25', 14, NULL, '정기검진', 'OPHTHALMOLOGY', 'REQUESTED', TRUE),
       (6, 148, 48, 96, '2025-08-07', 16, NULL, '예방접종', 'GENERAL', 'APPROVED', FALSE),
       (29, 143, 11, 21, '2025-08-08', 15, NULL, '상담', 'DENTAL', 'REJECTED', TRUE),
       (39, 219, 15, 29, '2025-08-28', 12, NULL, '예방접종', 'GENERAL', 'APPROVED', FALSE),
       (42, 52, 1, 2, '2025-08-13', 10, NULL, '정기검진', 'ORTHOPEDICS', 'REJECTED', TRUE),
       (58, 150, 30, 60, '2025-08-02', 12, NULL, '예방접종', 'OPHTHALMOLOGY', 'REQUESTED', FALSE),
       (43, 12, 37, 73, '2025-08-27', 13, NULL, '정기검진', 'GENERAL', 'REQUESTED', FALSE),
       (58, 137, 50, 99, '2025-08-13', 15, NULL, '정기검진', 'OPHTHALMOLOGY', 'REJECTED', FALSE),
       (128, 164, 49, 97, '2025-08-27', 13, NULL, '상담', 'DERMATOLOGY', 'REQUESTED', FALSE),
       (104, 253, 46, 91, '2025-08-04', 15, NULL, '응급처치', 'SURGERY', 'COMPLETED', FALSE),
       (27, 170, 42, 83, '2025-08-03', 16, NULL, '정기검진', 'DENTAL', 'REJECTED', FALSE),
       (140, 104, 49, 97, '2025-08-17', 12, NULL, '치료', 'DENTAL', 'COMPLETED', FALSE),
       (106, 200, 23, 46, '2025-08-24', 14, NULL, '응급처치', 'SURGERY', 'APPROVED', TRUE),
       (17, 128, 23, 46, '2025-08-08', 12, NULL, '응급처치', 'ORTHOPEDICS', 'REQUESTED', FALSE),
       (61, 197, 29, 57, '2025-08-18', 11, NULL, '응급처치', 'OPHTHALMOLOGY', 'REJECTED', FALSE),
       (17, 31, 40, 79, '2025-08-17', 13, NULL, '상담', 'GENERAL', 'APPROVED', TRUE),
       (62, 30, 22, 43, '2025-08-20', 14, NULL, '응급처치', 'OPHTHALMOLOGY', 'REJECTED', FALSE),
       (132, 56, 4, 8, '2025-08-14', 9, NULL, '예방접종', 'GENERAL', 'COMPLETED', TRUE),
       (111, 179, 44, 87, '2025-08-26', 9, NULL, '예방접종', 'OPHTHALMOLOGY', 'REJECTED', FALSE),
       (62, 87, 39, 77, '2025-08-29', 15, NULL, '예방접종', 'EMERGENCY', 'REQUESTED', TRUE),
       (58, 38, 8, 15, '2025-08-26', 10, NULL, '상담', 'SURGERY', 'APPROVED', FALSE),
       (58, 111, 15, 30, '2025-08-18', 16, NULL, '정기검진', 'SURGERY', 'APPROVED', FALSE),
       (84, 268, 5, 10, '2025-08-12', 12, NULL, '상담', 'ORTHOPEDICS', 'REQUESTED', FALSE),
       (28, 36, 49, 97, '2025-08-13', 14, NULL, '정기검진', 'SURGERY', 'APPROVED', FALSE),
       (48, 246, 49, 98, '2025-08-03', 13, NULL, '치료', 'SURGERY', 'APPROVED', FALSE),
       (69, 153, 14, 27, '2025-08-23', 16, NULL, '예방접종', 'DERMATOLOGY', 'REJECTED', FALSE),
       (125, 158, 43, 85, '2025-08-24', 9, NULL, '상담', 'EMERGENCY', 'REJECTED', FALSE),
       (115, 209, 31, 61, '2025-08-07', 10, NULL, '치료', 'DENTAL', 'REQUESTED', TRUE),
       (140, 210, 42, 83, '2025-08-05', 16, NULL, '응급처치', 'DERMATOLOGY', 'APPROVED', FALSE),
       (108, 58, 9, 18, '2025-08-20', 10, NULL, '치료', 'OPHTHALMOLOGY', 'REJECTED', FALSE),
       (95, 176, 4, 7, '2025-08-30', 14, NULL, '정기검진', 'DERMATOLOGY', 'COMPLETED', TRUE),
       (87, 257, 21, 42, '2025-08-01', 11, NULL, '치료', 'EMERGENCY', 'APPROVED', TRUE),
       (7, 16, 2, 4, '2025-08-28', 16, NULL, '치료', 'DERMATOLOGY', 'REQUESTED', FALSE),
       (136, 137, 30, 60, '2025-08-19', 12, NULL, '응급처치', 'GENERAL', 'APPROVED', FALSE),
       (61, 222, 7, 14, '2025-08-11', 13, NULL, '치료', 'EMERGENCY', 'REJECTED', FALSE),
       (39, 65, 12, 23, '2025-08-18', 15, NULL, '예방접종', 'GENERAL', 'REQUESTED', TRUE),
       (83, 192, 48, 95, '2025-08-06', 12, NULL, '상담', 'ORTHOPEDICS', 'APPROVED', FALSE),
       (10, 166, 19, 37, '2025-08-12', 11, NULL, '응급처치', 'ORTHOPEDICS', 'COMPLETED', TRUE),
       (129, 258, 40, 79, '2025-08-13', 16, NULL, '치료', 'EMERGENCY', 'COMPLETED', TRUE),
       (108, 208, 5, 9, '2025-08-04', 11, NULL, '응급처치', 'DERMATOLOGY', 'APPROVED', FALSE),
       (33, 140, 49, 97, '2025-08-27', 13, NULL, '응급처치', 'GENERAL', 'REJECTED', FALSE),
       (74, 44, 28, 56, '2025-08-08', 12, NULL, '예방접종', 'SURGERY', 'REJECTED', FALSE),
       (139, 168, 45, 89, '2025-08-07', 12, NULL, '치료', 'OPHTHALMOLOGY', 'REQUESTED', FALSE),
       (65, 222, 21, 41, '2025-08-24', 11, NULL, '정기검진', 'OPHTHALMOLOGY', 'APPROVED', TRUE),
       (111, 282, 17, 33, '2025-08-08', 15, NULL, '응급처치', 'EMERGENCY', 'REQUESTED', FALSE),
       (113, 194, 24, 47, '2025-08-01', 13, NULL, '치료', 'OPHTHALMOLOGY', 'APPROVED', FALSE),
       (29, 262, 38, 76, '2025-08-25', 11, NULL, '치료', 'ORTHOPEDICS', 'REJECTED', FALSE),
       (10, 233, 20, 40, '2025-08-24', 11, NULL, '응급처치', 'OPHTHALMOLOGY', 'REQUESTED', TRUE),
       (27, 268, 34, 67, '2025-08-23', 9, NULL, '정기검진', 'GENERAL', 'REJECTED', FALSE),
       (47, 189, 28, 55, '2025-08-29', 11, NULL, '상담', 'DENTAL', 'REJECTED', FALSE),
       (22, 152, 11, 21, '2025-08-24', 11, NULL, '응급처치', 'SURGERY', 'APPROVED', TRUE),
       (148, 42, 42, 83, '2025-08-02', 9, NULL, '치료', 'OPHTHALMOLOGY', 'COMPLETED', TRUE),
       (108, 203, 40, 79, '2025-08-04', 9, NULL, '치료', 'SURGERY', 'APPROVED', FALSE),
       (46, 50, 43, 86, '2025-08-04', 12, NULL, '치료', 'OPHTHALMOLOGY', 'COMPLETED', FALSE),
       (133, 137, 50, 99, '2025-08-11', 11, NULL, '치료', 'DERMATOLOGY', 'COMPLETED', TRUE),
       (57, 30, 24, 47, '2025-08-14', 12, NULL, '응급처치', 'OPHTHALMOLOGY', 'REQUESTED', FALSE),
       (132, 300, 32, 64, '2025-08-30', 14, NULL, '정기검진', 'ORTHOPEDICS', 'REQUESTED', TRUE),
       (24, 210, 1, 2, '2025-08-17', 9, NULL, '치료', 'ORTHOPEDICS', 'REJECTED', FALSE),
       (128, 163, 4, 8, '2025-08-13', 16, NULL, '예방접종', 'DERMATOLOGY', 'COMPLETED', FALSE),
       (2, 38, 6, 11, '2025-08-16', 13, NULL, '예방접종', 'SURGERY', 'REQUESTED', TRUE),
       (32, 17, 37, 74, '2025-08-21', 11, NULL, '정기검진', 'OPHTHALMOLOGY', 'COMPLETED', FALSE),
       (71, 15, 43, 85, '2025-08-02', 11, NULL, '상담', 'OPHTHALMOLOGY', 'REQUESTED', FALSE),
       (87, 283, 12, 23, '2025-08-26', 11, NULL, '상담', 'SURGERY', 'REJECTED', FALSE),
       (17, 181, 28, 56, '2025-08-23', 13, NULL, '예방접종', 'DERMATOLOGY', 'REQUESTED', TRUE),
       (101, 29, 23, 45, '2025-08-08', 15, NULL, '정기검진', 'OPHTHALMOLOGY', 'REQUESTED', FALSE),
       (115, 244, 26, 52, '2025-08-22', 16, NULL, '치료', 'ORTHOPEDICS', 'COMPLETED', TRUE),
       (10, 292, 12, 24, '2025-08-16', 10, NULL, '치료', 'DERMATOLOGY', 'REQUESTED', FALSE),
       (18, 19, 33, 66, '2025-08-10', 12, NULL, '상담', 'DERMATOLOGY', 'APPROVED', TRUE),
       (95, 268, 13, 25, '2025-08-22', 10, NULL, '상담', 'ORTHOPEDICS', 'REJECTED', FALSE),
       (101, 253, 19, 38, '2025-08-28', 10, NULL, '정기검진', 'GENERAL', 'APPROVED', FALSE),
       (8, 75, 24, 48, '2025-08-03', 9, NULL, '예방접종', 'GENERAL', 'COMPLETED', TRUE),
       (7, 204, 23, 45, '2025-08-15', 12, NULL, '응급처치', 'GENERAL', 'COMPLETED', TRUE),
       (10, 96, 47, 93, '2025-08-30', 13, NULL, '예방접종', 'SURGERY', 'REJECTED', TRUE),
       (43, 113, 41, 81, '2025-08-26', 11, NULL, '응급처치', 'OPHTHALMOLOGY', 'REQUESTED', FALSE),
       (113, 34, 17, 33, '2025-08-22', 16, NULL, '응급처치', 'EMERGENCY', 'COMPLETED', FALSE),
       (86, 131, 15, 30, '2025-08-10', 10, NULL, '예방접종', 'OPHTHALMOLOGY', 'APPROVED', FALSE),
       (52, 75, 3, 5, '2025-08-16', 15, NULL, '정기검진', 'EMERGENCY', 'COMPLETED', FALSE),
       (118, 185, 28, 55, '2025-08-18', 12, NULL, '예방접종', 'SURGERY', 'APPROVED', FALSE),
       (137, 195, 26, 52, '2025-08-18', 9, NULL, '예방접종', 'OPHTHALMOLOGY', 'REQUESTED', FALSE),
       (111, 207, 48, 95, '2025-08-14', 10, NULL, '응급처치', 'DERMATOLOGY', 'REQUESTED', FALSE),
       (147, 239, 40, 80, '2025-08-15', 10, NULL, '예방접종', 'OPHTHALMOLOGY', 'APPROVED', FALSE),
       (85, 111, 22, 43, '2025-08-22', 14, NULL, '치료', 'GENERAL', 'REQUESTED', TRUE),
       (94, 212, 44, 88, '2025-08-24', 13, NULL, '응급처치', 'EMERGENCY', 'COMPLETED', TRUE),
       (32, 197, 28, 56, '2025-08-10', 16, NULL, '치료', 'SURGERY', 'REQUESTED', FALSE),
       (35, 210, 10, 20, '2025-08-04', 15, NULL, '상담', 'DENTAL', 'COMPLETED', TRUE),
       (2, 218, 33, 65, '2025-08-11', 9, NULL, '상담', 'EMERGENCY', 'REQUESTED', TRUE),
       (57, 91, 24, 47, '2025-08-16', 12, NULL, '치료', 'OPHTHALMOLOGY', 'COMPLETED', FALSE),
       (67, 150, 30, 60, '2025-08-19', 14, NULL, '예방접종', 'OPHTHALMOLOGY', 'APPROVED', TRUE),
       (145, 203, 4, 7, '2025-08-08', 15, NULL, '응급처치', 'EMERGENCY', 'REJECTED', FALSE),
       (16, 34, 23, 46, '2025-08-29', 9, NULL, '응급처치', 'GENERAL', 'REQUESTED', FALSE),
       (12, 146, 6, 11, '2025-08-18', 14, NULL, '치료', 'DERMATOLOGY', 'REQUESTED', FALSE),
       (117, 290, 19, 38, '2025-08-05', 14, NULL, '예방접종', 'DERMATOLOGY', 'REJECTED', TRUE),
       (97, 184, 47, 94, '2025-08-06', 12, NULL, '예방접종', 'DERMATOLOGY', 'APPROVED', FALSE),
       (117, 179, 32, 64, '2025-08-10', 14, NULL, '상담', 'EMERGENCY', 'REJECTED', FALSE),
       (41, 99, 42, 83, '2025-08-18', 15, NULL, '상담', 'OPHTHALMOLOGY', 'APPROVED', FALSE),
       (10, 128, 4, 8, '2025-08-06', 16, NULL, '예방접종', 'GENERAL', 'APPROVED', FALSE),
       (68, 125, 32, 63, '2025-08-30', 9, NULL, '정기검진', 'DENTAL', 'REQUESTED', FALSE),
       (115, 112, 14, 27, '2025-08-26', 13, NULL, '예방접종', 'OPHTHALMOLOGY', 'COMPLETED', TRUE),
       (11, 52, 44, 88, '2025-08-13', 12, NULL, '정기검진', 'GENERAL', 'REQUESTED', FALSE),
       (89, 294, 6, 12, '2025-08-03', 12, NULL, '예방접종', 'GENERAL', 'REJECTED', FALSE),
       (150, 75, 18, 35, '2025-08-29', 11, NULL, '치료', 'DENTAL', 'APPROVED', FALSE),
       (80, 42, 12, 23, '2025-08-19', 11, NULL, '치료', 'DENTAL', 'APPROVED', FALSE),
       (56, 203, 24, 47, '2025-08-28', 14, NULL, '치료', 'EMERGENCY', 'REQUESTED', FALSE),
       (117, 146, 42, 84, '2025-08-28', 16, NULL, '예방접종', 'EMERGENCY', 'APPROVED', FALSE),
       (103, 141, 26, 52, '2025-08-23', 15, NULL, '정기검진', 'DERMATOLOGY', 'COMPLETED', TRUE),
       (49, 73, 34, 67, '2025-08-29', 15, NULL, '예방접종', 'GENERAL', 'APPROVED', FALSE),
       (10, 44, 28, 55, '2025-08-19', 14, NULL, '정기검진', 'ORTHOPEDICS', 'APPROVED', FALSE),
       (128, 80, 9, 18, '2025-08-29', 14, NULL, '상담', 'DENTAL', 'COMPLETED', FALSE),
       (20, 51, 25, 49, '2025-08-14', 13, NULL, '예방접종', 'OPHTHALMOLOGY', 'APPROVED', FALSE),
       (145, 258, 49, 97, '2025-08-04', 12, NULL, '응급처치', 'OPHTHALMOLOGY', 'APPROVED', FALSE),
       (93, 125, 32, 64, '2025-08-17', 10, NULL, '예방접종', 'DERMATOLOGY', 'REQUESTED', TRUE),
       (101, 217, 11, 22, '2025-08-26', 12, NULL, '응급처치', 'SURGERY', 'COMPLETED', FALSE),
       (40, 252, 46, 92, '2025-08-26', 14, NULL, '예방접종', 'ORTHOPEDICS', 'APPROVED', FALSE),
       (25, 221, 28, 55, '2025-08-28', 10, NULL, '상담', 'GENERAL', 'REQUESTED', FALSE),
       (32, 43, 10, 20, '2025-08-01', 9, NULL, '상담', 'ORTHOPEDICS', 'REQUESTED', FALSE),
       (51, 262, 45, 90, '2025-08-13', 16, NULL, '치료', 'GENERAL', 'REQUESTED', FALSE),
       (66, 161, 43, 85, '2025-08-17', 11, NULL, '응급처치', 'OPHTHALMOLOGY', 'COMPLETED', FALSE),
       (80, 284, 39, 77, '2025-08-03', 13, NULL, '상담', 'ORTHOPEDICS', 'COMPLETED', FALSE),
       (85, 21, 44, 87, '2025-08-07', 14, NULL, '응급처치', 'EMERGENCY', 'APPROVED', FALSE),
       (85, 205, 6, 12, '2025-08-20', 16, NULL, '상담', 'OPHTHALMOLOGY', 'COMPLETED', FALSE),
       (21, 150, 38, 76, '2025-08-29', 11, NULL, '예방접종', 'DERMATOLOGY', 'REQUESTED', TRUE),
       (44, 91, 49, 97, '2025-08-20', 14, NULL, '응급처치', 'ORTHOPEDICS', 'COMPLETED', FALSE),
       (6, 166, 29, 57, '2025-08-30', 12, NULL, '정기검진', 'GENERAL', 'COMPLETED', FALSE),
       (112, 76, 22, 43, '2025-08-25', 13, NULL, '예방접종', 'EMERGENCY', 'REQUESTED', FALSE),
       (129, 300, 47, 94, '2025-08-09', 14, NULL, '응급처치', 'ORTHOPEDICS', 'REJECTED', FALSE),
       (31, 14, 45, 90, '2025-08-05', 12, NULL, '응급처치', 'DERMATOLOGY', 'COMPLETED', FALSE),
       (17, 27, 48, 95, '2025-08-07', 15, NULL, '상담', 'GENERAL', 'REJECTED', FALSE),
       (18, 240, 19, 38, '2025-08-07', 15, NULL, '응급처치', 'ORTHOPEDICS', 'APPROVED', TRUE),
       (123, 261, 39, 78, '2025-08-07', 15, NULL, '예방접종', 'GENERAL', 'REQUESTED', TRUE),
       (117, 192, 20, 40, '2025-08-21', 16, NULL, '예방접종', 'DERMATOLOGY', 'COMPLETED', TRUE),
       (119, 61, 45, 90, '2025-08-20', 14, NULL, '응급처치', 'OPHTHALMOLOGY', 'COMPLETED', FALSE),
       (39, 56, 27, 54, '2025-08-23', 11, NULL, '정기검진', 'DERMATOLOGY', 'COMPLETED', TRUE),
       (24, 258, 8, 15, '2025-08-20', 9, NULL, '응급처치', 'SURGERY', 'APPROVED', FALSE),
       (134, 55, 29, 57, '2025-08-12', 13, NULL, '응급처치', 'SURGERY', 'COMPLETED', TRUE),
       (90, 66, 29, 57, '2025-08-05', 15, NULL, '정기검진', 'OPHTHALMOLOGY', 'COMPLETED', FALSE),
       (84, 234, 14, 27, '2025-08-02', 16, NULL, '응급처치', 'SURGERY', 'REQUESTED', FALSE),
       (146, 106, 18, 36, '2025-08-05', 12, NULL, '응급처치', 'DENTAL', 'APPROVED', TRUE),
       (30, 164, 15, 29, '2025-08-27', 9, NULL, '상담', 'ORTHOPEDICS', 'REJECTED', TRUE),
       (74, 224, 14, 27, '2025-08-10', 16, NULL, '치료', 'EMERGENCY', 'REJECTED', FALSE),
       (70, 24, 35, 70, '2025-08-19', 13, NULL, '예방접종', 'SURGERY', 'REQUESTED', FALSE),
       (96, 221, 3, 5, '2025-08-14', 16, NULL, '상담', 'DERMATOLOGY', 'APPROVED', FALSE),
       (72, 283, 37, 74, '2025-08-07', 13, NULL, '응급처치', 'ORTHOPEDICS', 'REQUESTED', FALSE),
       (47, 89, 13, 25, '2025-08-07', 10, NULL, '응급처치', 'DERMATOLOGY', 'APPROVED', FALSE),
       (118, 247, 45, 89, '2025-08-29', 10, NULL, '응급처치', 'ORTHOPEDICS', 'REQUESTED', TRUE),
       (143, 125, 9, 18, '2025-08-14', 10, NULL, '응급처치', 'ORTHOPEDICS', 'COMPLETED', FALSE),
       (45, 85, 43, 85, '2025-08-01', 12, NULL, '응급처치', 'EMERGENCY', 'REQUESTED', FALSE),
       (27, 138, 46, 91, '2025-08-03', 10, NULL, '치료', 'ORTHOPEDICS', 'REQUESTED', FALSE),
       (92, 85, 28, 56, '2025-08-27', 9, NULL, '정기검진', 'DENTAL', 'APPROVED', FALSE),
       (82, 274, 20, 39, '2025-08-06', 16, NULL, '상담', 'DERMATOLOGY', 'REJECTED', FALSE),
       (109, 79, 46, 91, '2025-08-05', 15, NULL, '예방접종', 'DERMATOLOGY', 'REJECTED', FALSE),
       (145, 292, 44, 88, '2025-08-15', 11, NULL, '상담', 'ORTHOPEDICS', 'REQUESTED', FALSE),
       (121, 242, 4, 8, '2025-08-12', 14, NULL, '상담', 'DENTAL', 'COMPLETED', TRUE),
       (61, 55, 34, 67, '2025-08-30', 9, NULL, '치료', 'SURGERY', 'REJECTED', FALSE),
       (114, 253, 49, 98, '2025-08-09', 10, NULL, '정기검진', 'ORTHOPEDICS', 'COMPLETED', FALSE),
       (139, 188, 4, 7, '2025-08-20', 16, NULL, '치료', 'DERMATOLOGY', 'APPROVED', FALSE),
       (62, 264, 7, 13, '2025-08-08', 10, NULL, '치료', 'ORTHOPEDICS', 'COMPLETED', FALSE),
       (45, 136, 31, 62, '2025-08-11', 12, NULL, '정기검진', 'EMERGENCY', 'REQUESTED', FALSE),
       (59, 288, 17, 33, '2025-08-30', 15, NULL, '응급처치', 'OPHTHALMOLOGY', 'REQUESTED', TRUE),
       (147, 188, 50, 99, '2025-08-13', 10, NULL, '상담', 'OPHTHALMOLOGY', 'REQUESTED', FALSE),
       (122, 78, 18, 35, '2025-08-14', 11, NULL, '상담', 'OPHTHALMOLOGY', 'APPROVED', FALSE),
       (83, 154, 15, 30, '2025-08-15', 16, NULL, '치료', 'OPHTHALMOLOGY', 'REJECTED', FALSE),
       (46, 16, 12, 23, '2025-08-28', 11, NULL, '정기검진', 'EMERGENCY', 'REJECTED', TRUE),
       (14, 158, 15, 30, '2025-08-21', 13, NULL, '예방접종', 'DERMATOLOGY', 'REQUESTED', FALSE),
       (69, 117, 47, 93, '2025-08-27', 15, NULL, '정기검진', 'ORTHOPEDICS', 'REJECTED', TRUE),
       (145, 241, 4, 8, '2025-08-14', 16, NULL, '치료', 'EMERGENCY', 'REQUESTED', FALSE),
       (23, 179, 30, 59, '2025-08-21', 11, NULL, '치료', 'ORTHOPEDICS', 'REQUESTED', FALSE),
       (92, 277, 31, 61, '2025-08-23', 14, NULL, '치료', 'SURGERY', 'APPROVED', FALSE),
       (69, 39, 40, 80, '2025-08-29', 15, NULL, '정기검진', 'DERMATOLOGY', 'COMPLETED', FALSE),
       (50, 62, 27, 53, '2025-08-02', 15, NULL, '상담', 'ORTHOPEDICS', 'COMPLETED', TRUE),
       (118, 105, 45, 89, '2025-08-23', 14, NULL, '정기검진', 'DENTAL', 'APPROVED', FALSE),
       (18, 79, 9, 18, '2025-08-03', 16, NULL, '정기검진', 'GENERAL', 'APPROVED', FALSE),
       (115, 101, 2, 4, '2025-08-10', 15, NULL, '예방접종', 'OPHTHALMOLOGY', 'APPROVED', FALSE),
       (142, 34, 47, 93, '2025-08-11', 14, NULL, '정기검진', 'ORTHOPEDICS', 'COMPLETED', TRUE),
       (142, 60, 41, 81, '2025-08-12', 14, NULL, '상담', 'DENTAL', 'REJECTED', FALSE),
       (149, 54, 6, 12, '2025-08-23', 15, NULL, '상담', 'ORTHOPEDICS', 'REQUESTED', TRUE),
       (107, 175, 48, 96, '2025-08-23', 11, NULL, '예방접종', 'SURGERY', 'APPROVED', FALSE),
       (121, 15, 13, 25, '2025-08-29', 14, NULL, '예방접종', 'DERMATOLOGY', 'COMPLETED', TRUE);

-- 10. REJECTION 테이블 더미데이터
INSERT INTO rejection (reservation_id, reason)
VALUES (4, '예약 시간 중복'),
       (5, '반려동물 건강상태 불량'),
       (42, '예약 시간 중복'),
       (52, '예약 취소 요청'),
       (57, '예약 취소 요청'),
       (95, '예약 취소 요청'),
       (137, '예약 시간 중복'),
       (149, '반려동물 건강상태 불량'),
       (154, '예약 시간 중복'),
       (164, '반려동물 건강상태 불량'),
       (169, '예약 시간 중복'),
       (171, '반려동물 건강상태 불량'),
       (172, '예약 시간 중복'),
       (176, '수의사 부재'),
       (182, '반려동물 건강상태 불량'),
       (186, '예약 취소 요청'),
       (189, '장비 점검'),
       (199, '예약 취소 요청'),
       (206, '반려동물 건강상태 불량'),
       (214, '수의사 부재'),
       (245, '응급환자 우선 처리'),
       (261, '예약 취소 요청'),
       (280, '수의사 부재'),
       (288, '반려동물 건강상태 불량'),
       (289, '수의사 부재'),
       (294, '장비 점검'),
       (302, '반려동물 건강상태 불량'),
       (316, '반려동물 건강상태 불량'),
       (330, '예약 취소 요청'),
       (335, '예약 취소 요청'),
       (343, '장비 점검'),
       (345, '응급환자 우선 처리'),
       (363, '수의사 부재'),
       (384, '예약 취소 요청'),
       (386, '장비 점검'),
       (390, '반려동물 건강상태 불량'),
       (391, '장비 점검'),
       (392, '수의사 부재'),
       (394, '수의사 부재'),
       (395, '예약 시간 중복'),
       (413, '응급환자 우선 처리'),
       (439, '수의사 부재'),
       (442, '장비 점검'),
       (456, '응급환자 우선 처리'),
       (472, '예약 시간 중복'),
       (473, '반려동물 건강상태 불량'),
       (485, '예약 취소 요청'),
       (487, '예약 시간 중복'),
       (494, '반려동물 건강상태 불량');

-- 11. TREATMENT 테이블 더미데이터
INSERT INTO treatment (reservation_id, hospital_id, vet_id, owner_id, pet_id, is_completed, start_time, end_time,
                       result, ai_summary)
VALUES (1, 50, 100, 44, 189, 1, '2025-08-12 12:00:00', '2025-08-12 03:39:00', '경미한 이상', '치료 진행 중'),
       (2, 34, 68, 10, 231, 1, '2025-08-25 16:00:00', '2025-08-25 08:25:00', '추가 검사 필요', '예방접종 실시'),
       (3, 16, 31, 138, 215, 1, '2025-08-25 13:00:00', '2025-08-25 04:43:00', '치료 필요', '추가 관찰 필요'),
       (4, 37, 73, 122, 192, 1, '2025-08-13 13:00:00', '2025-08-13 04:49:00', '추가 검사 필요', '건강상태 양호'),
       (5, 29, 57, 65, 275, 1, '2025-08-24 14:00:00', '2025-08-24 05:35:00', '완치', '치료 진행 중'),
       (6, 13, 26, 104, 240, 1, '2025-08-28 9:00:00', '2025-08-28 00:31:00', '추가 검사 필요', '치료 진행 중'),
       (7, 7, 14, 87, 244, 1, '2025-08-04 15:00:00', '2025-08-04 06:47:00', '완치', '건강상태 양호'),
       (8, 2, 3, 8, 170, 1, '2025-08-02 14:00:00', '2025-08-02 05:35:00', '정상', '추가 관찰 필요'),
       (9, 37, 73, 15, 204, 1, '2025-08-04 9:00:00', '2025-08-04 01:21:00', '치료 필요', '추가 관찰 필요'),
       (10, 11, 21, 116, 66, 1, '2025-08-16 14:00:00', '2025-08-16 06:28:00', '추가 검사 필요', '예방접종 실시'),
       (11, 17, 33, 107, 249, 1, '2025-08-23 10:00:00', '2025-08-23 01:30:00', '완치', '정기검진 완료'),
       (12, 28, 56, 70, 87, 1, '2025-08-30 11:00:00', '2025-08-30 02:53:00', '경미한 이상', '예방접종 실시'),
       (13, 12, 24, 94, 268, 1, '2025-08-24 10:00:00', '2025-08-24 02:04:00', '치료 필요', '치료 진행 중'),
       (14, 8, 15, 68, 152, 1, '2025-08-28 15:00:00', '2025-08-28 07:01:00', '추가 검사 필요', '추가 관찰 필요'),
       (15, 48, 96, 25, 282, 1, '2025-08-08 16:00:00', '2025-08-08 08:04:00', '정상', '추가 관찰 필요'),
       (16, 45, 89, 34, 130, 1, '2025-08-04 16:00:00', '2025-08-04 07:40:00', '경미한 이상', '건강상태 양호'),
       (17, 20, 39, 76, 235, 1, '2025-08-25 10:00:00', '2025-08-25 02:24:00', '정상', '추가 관찰 필요'),
       (18, 30, 59, 112, 9, 0, '2025-08-02 15:00:00', '2025-08-02 06:33:00', '완치', '추가 관찰 필요'),
       (19, 26, 51, 47, 60, 1, '2025-08-26 13:00:00', '2025-08-26 04:40:00', '추가 검사 필요', '추가 관찰 필요'),
       (20, 39, 77, 120, 143, 1, '2025-08-05 10:00:00', '2025-08-05 02:15:00', '경미한 이상', '치료 진행 중'),
       (21, 49, 98, 74, 97, 1, '2025-08-01 15:00:00', '2025-08-01 06:40:00', '추가 검사 필요', '추가 관찰 필요'),
       (22, 33, 65, 114, 247, 1, '2025-08-02 10:00:00', '2025-08-02 02:28:00', '정상', '추가 관찰 필요'),
       (23, 41, 81, 39, 267, 1, '2025-08-16 12:00:00', '2025-08-16 03:55:00', '치료 필요', '건강상태 양호'),
       (24, 38, 75, 71, 246, 0, '2025-08-02 15:00:00', '2025-08-02 07:14:00', '치료 필요', '정기검진 완료'),
       (25, 38, 76, 78, 126, 1, '2025-08-19 14:00:00', '2025-08-19 06:26:00', '치료 필요', '추가 관찰 필요'),
       (26, 1, 1, 6, 175, 0, '2025-08-09 14:00:00', '2025-08-09 06:16:00', '완치', '정기검진 완료'),
       (27, 4, 8, 84, 52, 1, '2025-08-17 9:00:00', '2025-08-17 00:43:00', '경미한 이상', '치료 진행 중'),
       (28, 47, 94, 53, 190, 1, '2025-08-27 13:00:00', '2025-08-27 05:18:00', '추가 검사 필요', '추가 관찰 필요'),
       (29, 22, 44, 140, 31, 1, '2025-08-04 11:00:00', '2025-08-04 02:34:00', '경미한 이상', '정기검진 완료'),
       (30, 24, 48, 9, 256, 0, '2025-08-24 14:00:00', '2025-08-24 06:08:00', '정상', '정기검진 완료'),
       (31, 39, 77, 112, 176, 1, '2025-08-09 13:00:00', '2025-08-09 05:24:00', '경미한 이상', '건강상태 양호'),
       (32, 31, 61, 120, 93, 1, '2025-08-04 9:00:00', '2025-08-04 01:25:00', '경미한 이상', '건강상태 양호'),
       (33, 27, 54, 59, 283, 0, '2025-08-21 16:00:00', '2025-08-21 07:43:00', '정상', '정기검진 완료'),
       (34, 12, 23, 130, 144, 1, '2025-08-18 14:00:00', '2025-08-18 06:10:00', '치료 필요', '추가 관찰 필요'),
       (35, 39, 77, 80, 241, 1, '2025-08-17 15:00:00', '2025-08-17 07:22:00', '치료 필요', '추가 관찰 필요'),
       (36, 3, 5, 147, 76, 1, '2025-08-19 13:00:00', '2025-08-19 04:54:00', '완치', '추가 관찰 필요'),
       (37, 26, 52, 33, 45, 1, '2025-08-27 14:00:00', '2025-08-27 05:30:00', '정상', '추가 관찰 필요'),
       (38, 2, 4, 117, 286, 0, '2025-08-20 9:00:00', '2025-08-20 01:11:00', '치료 필요', '정기검진 완료'),
       (39, 36, 71, 38, 259, 1, '2025-08-12 10:00:00', '2025-08-12 01:37:00', '치료 필요', '예방접종 실시'),
       (40, 28, 55, 134, 235, 0, '2025-08-11 12:00:00', '2025-08-11 04:03:00', '경미한 이상', '건강상태 양호'),
       (41, 4, 7, 129, 72, 1, '2025-08-29 12:00:00', '2025-08-29 04:17:00', '완치', '예방접종 실시'),
       (42, 19, 38, 55, 60, 1, '2025-08-26 10:00:00', '2025-08-26 02:03:00', '추가 검사 필요', '치료 진행 중'),
       (43, 4, 8, 130, 205, 1, '2025-08-26 12:00:00', '2025-08-26 04:06:00', '완치', '치료 진행 중'),
       (44, 30, 60, 109, 177, 1, '2025-08-07 16:00:00', '2025-08-07 07:44:00', '치료 필요', '정기검진 완료'),
       (45, 13, 25, 111, 146, 1, '2025-08-21 13:00:00', '2025-08-21 05:28:00', '완치', '정기검진 완료'),
       (46, 26, 51, 75, 196, 1, '2025-08-12 9:00:00', '2025-08-12 01:25:00', '완치', '치료 진행 중'),
       (47, 44, 88, 45, 208, 0, '2025-08-23 12:00:00', '2025-08-23 04:26:00', '경미한 이상', '예방접종 실시'),
       (48, 7, 14, 130, 228, 0, '2025-08-07 11:00:00', '2025-08-07 03:04:00', '추가 검사 필요', '추가 관찰 필요'),
       (49, 14, 27, 47, 146, 1, '2025-08-15 13:00:00', '2025-08-15 05:19:00', '경미한 이상', '정기검진 완료'),
       (50, 25, 50, 92, 144, 0, '2025-08-19 10:00:00', '2025-08-19 01:54:00', '치료 필요', '예방접종 실시'),
       (51, 12, 23, 77, 27, 1, '2025-08-13 9:00:00', '2025-08-13 01:22:00', '정상', '건강상태 양호'),
       (52, 7, 14, 97, 104, 1, '2025-08-03 9:00:00', '2025-08-03 00:47:00', '완치', '치료 진행 중'),
       (53, 15, 29, 8, 162, 1, '2025-08-05 12:00:00', '2025-08-05 04:27:00', '추가 검사 필요', '추가 관찰 필요'),
       (54, 11, 22, 54, 181, 1, '2025-08-21 15:00:00', '2025-08-21 06:42:00', '치료 필요', '예방접종 실시'),
       (55, 5, 10, 104, 200, 1, '2025-08-26 16:00:00', '2025-08-26 07:37:00', '정상', '정기검진 완료'),
       (56, 48, 96, 9, 235, 0, '2025-08-27 16:00:00', '2025-08-27 08:27:00', '치료 필요', '예방접종 실시'),
       (57, 41, 82, 115, 39, 1, '2025-08-21 12:00:00', '2025-08-21 03:35:00', '추가 검사 필요', '추가 관찰 필요'),
       (58, 15, 29, 55, 193, 1, '2025-08-11 16:00:00', '2025-08-11 08:21:00', '정상', '추가 관찰 필요'),
       (59, 6, 12, 109, 66, 1, '2025-08-06 13:00:00', '2025-08-06 04:38:00', '경미한 이상', '추가 관찰 필요'),
       (60, 18, 36, 22, 285, 1, '2025-08-16 14:00:00', '2025-08-16 05:37:00', '완치', '추가 관찰 필요'),
       (61, 14, 27, 104, 24, 0, '2025-08-03 11:00:00', '2025-08-03 02:46:00', '추가 검사 필요', '정기검진 완료'),
       (62, 9, 18, 141, 252, 1, '2025-08-03 11:00:00', '2025-08-03 03:21:00', '추가 검사 필요', '정기검진 완료'),
       (63, 43, 86, 6, 83, 1, '2025-08-02 9:00:00', '2025-08-02 00:37:00', '경미한 이상', '건강상태 양호'),
       (64, 20, 39, 146, 157, 0, '2025-08-24 10:00:00', '2025-08-24 02:26:00', '완치', '건강상태 양호'),
       (65, 10, 19, 34, 176, 1, '2025-08-27 16:00:00', '2025-08-27 08:28:00', '경미한 이상', '예방접종 실시'),
       (66, 22, 43, 44, 55, 1, '2025-08-05 16:00:00', '2025-08-05 08:09:00', '치료 필요', '치료 진행 중'),
       (67, 30, 59, 45, 178, 1, '2025-08-19 14:00:00', '2025-08-19 06:23:00', '완치', '예방접종 실시'),
       (68, 20, 40, 105, 207, 0, '2025-08-05 13:00:00', '2025-08-05 04:44:00', '치료 필요', '건강상태 양호'),
       (69, 11, 22, 143, 37, 1, '2025-08-07 14:00:00', '2025-08-07 05:33:00', '정상', '추가 관찰 필요'),
       (70, 38, 75, 114, 258, 1, '2025-08-25 10:00:00', '2025-08-25 01:56:00', '정상', '예방접종 실시'),
       (71, 34, 67, 74, 128, 1, '2025-08-07 13:00:00', '2025-08-07 05:05:00', '추가 검사 필요', '치료 진행 중'),
       (72, 29, 58, 73, 141, 1, '2025-08-14 11:00:00', '2025-08-14 02:45:00', '정상', '건강상태 양호'),
       (73, 45, 90, 40, 130, 1, '2025-08-22 10:00:00', '2025-08-22 01:47:00', '치료 필요', '예방접종 실시'),
       (74, 5, 10, 75, 291, 1, '2025-08-08 10:00:00', '2025-08-08 01:43:00', '완치', '정기검진 완료'),
       (75, 47, 93, 48, 121, 1, '2025-08-03 16:00:00', '2025-08-03 08:21:00', '정상', '건강상태 양호'),
       (76, 23, 46, 80, 99, 0, '2025-08-18 12:00:00', '2025-08-18 04:17:00', '완치', '치료 진행 중'),
       (77, 49, 98, 21, 250, 1, '2025-08-02 11:00:00', '2025-08-02 02:59:00', '추가 검사 필요', '정기검진 완료'),
       (78, 47, 94, 96, 11, 1, '2025-08-28 12:00:00', '2025-08-28 04:18:00', '추가 검사 필요', '건강상태 양호'),
       (79, 44, 87, 146, 269, 1, '2025-08-16 9:00:00', '2025-08-16 01:17:00', '추가 검사 필요', '치료 진행 중'),
       (80, 8, 16, 31, 282, 1, '2025-08-23 15:00:00', '2025-08-23 07:12:00', '경미한 이상', '예방접종 실시'),
       (81, 24, 48, 89, 268, 1, '2025-08-09 12:00:00', '2025-08-09 04:08:00', '경미한 이상', '치료 진행 중'),
       (82, 23, 45, 42, 112, 1, '2025-08-29 9:00:00', '2025-08-29 01:25:00', '치료 필요', '정기검진 완료'),
       (83, 36, 72, 105, 286, 0, '2025-08-15 12:00:00', '2025-08-15 03:55:00', '정상', '건강상태 양호'),
       (84, 40, 80, 122, 134, 1, '2025-08-30 16:00:00', '2025-08-30 07:42:00', '완치', '치료 진행 중'),
       (85, 13, 25, 76, 214, 1, '2025-08-11 12:00:00', '2025-08-11 03:58:00', '정상', '정기검진 완료'),
       (86, 15, 29, 125, 59, 1, '2025-08-11 15:00:00', '2025-08-11 07:20:00', '치료 필요', '예방접종 실시'),
       (87, 38, 75, 33, 68, 1, '2025-08-11 10:00:00', '2025-08-11 02:16:00', '정상', '정기검진 완료'),
       (88, 27, 54, 70, 84, 1, '2025-08-07 13:00:00', '2025-08-07 04:51:00', '정상', '추가 관찰 필요'),
       (89, 24, 48, 126, 67, 1, '2025-08-13 11:00:00', '2025-08-13 03:11:00', '치료 필요', '치료 진행 중'),
       (90, 47, 94, 86, 231, 1, '2025-08-08 15:00:00', '2025-08-08 06:50:00', '치료 필요', '추가 관찰 필요'),
       (91, 21, 41, 82, 61, 1, '2025-08-18 15:00:00', '2025-08-18 07:17:00', '완치', '추가 관찰 필요'),
       (92, 48, 96, 112, 100, 0, '2025-08-26 16:00:00', '2025-08-26 07:49:00', '치료 필요', '정기검진 완료'),
       (93, 24, 48, 39, 7, 0, '2025-08-12 10:00:00', '2025-08-12 01:57:00', '치료 필요', '치료 진행 중'),
       (94, 46, 92, 4, 163, 1, '2025-08-01 16:00:00', '2025-08-01 08:03:00', '경미한 이상', '건강상태 양호'),
       (95, 12, 24, 20, 265, 1, '2025-08-03 9:00:00', '2025-08-03 01:27:00', '경미한 이상', '예방접종 실시'),
       (96, 38, 75, 76, 156, 0, '2025-08-02 10:00:00', '2025-08-02 02:05:00', '정상', '추가 관찰 필요'),
       (97, 50, 100, 143, 85, 0, '2025-08-10 12:00:00', '2025-08-10 03:40:00', '정상', '치료 진행 중'),
       (98, 35, 70, 84, 208, 1, '2025-08-05 15:00:00', '2025-08-05 06:59:00', '정상', '건강상태 양호'),
       (99, 9, 18, 7, 15, 1, '2025-08-04 10:00:00', '2025-08-04 01:32:00', '치료 필요', '추가 관찰 필요'),
       (100, 15, 29, 74, 246, 1, '2025-08-16 12:00:00', '2025-08-16 03:52:00', '추가 검사 필요', '정기검진 완료'),
       (101, 28, 56, 39, 278, 1, '2025-08-29 13:00:00', '2025-08-29 05:24:00', '추가 검사 필요', '추가 관찰 필요'),
       (102, 32, 64, 110, 280, 1, '2025-08-16 11:00:00', '2025-08-16 02:54:00', '정상', '추가 관찰 필요'),
       (103, 24, 48, 94, 99, 0, '2025-08-27 12:00:00', '2025-08-27 04:15:00', '추가 검사 필요', '추가 관찰 필요'),
       (104, 45, 89, 118, 158, 0, '2025-08-10 13:00:00', '2025-08-10 04:56:00', '완치', '정기검진 완료'),
       (105, 32, 64, 126, 132, 1, '2025-08-17 12:00:00', '2025-08-17 04:00:00', '치료 필요', '정기검진 완료'),
       (106, 48, 95, 71, 192, 1, '2025-08-24 16:00:00', '2025-08-24 07:36:00', '경미한 이상', '예방접종 실시'),
       (107, 47, 94, 48, 124, 1, '2025-08-24 16:00:00', '2025-08-24 08:23:00', '경미한 이상', '추가 관찰 필요'),
       (108, 44, 88, 37, 136, 0, '2025-08-30 9:00:00', '2025-08-30 01:01:00', '정상', '정기검진 완료'),
       (109, 50, 100, 96, 168, 1, '2025-08-21 14:00:00', '2025-08-21 05:38:00', '추가 검사 필요', '건강상태 양호'),
       (110, 23, 46, 84, 300, 1, '2025-08-07 12:00:00', '2025-08-07 04:24:00', '정상', '추가 관찰 필요'),
       (111, 3, 5, 38, 84, 1, '2025-08-11 13:00:00', '2025-08-11 04:35:00', '경미한 이상', '정기검진 완료'),
       (112, 36, 72, 66, 111, 1, '2025-08-18 13:00:00', '2025-08-18 05:05:00', '정상', '건강상태 양호'),
       (113, 47, 94, 112, 151, 1, '2025-08-06 14:00:00', '2025-08-06 06:06:00', '경미한 이상', '추가 관찰 필요'),
       (114, 4, 8, 5, 14, 0, '2025-08-22 9:00:00', '2025-08-22 00:52:00', '정상', '예방접종 실시'),
       (115, 49, 98, 122, 200, 1, '2025-08-30 12:00:00', '2025-08-30 03:49:00', '추가 검사 필요', '치료 진행 중'),
       (116, 39, 78, 150, 215, 1, '2025-08-23 9:00:00', '2025-08-23 00:41:00', '치료 필요', '예방접종 실시'),
       (117, 15, 29, 139, 78, 0, '2025-08-25 12:00:00', '2025-08-25 04:00:00', '치료 필요', '정기검진 완료'),
       (118, 33, 66, 146, 203, 1, '2025-08-16 15:00:00', '2025-08-16 06:39:00', '완치', '예방접종 실시'),
       (119, 35, 69, 52, 151, 1, '2025-08-24 14:00:00', '2025-08-24 06:16:00', '완치', '예방접종 실시'),
       (120, 40, 80, 71, 115, 1, '2025-08-07 16:00:00', '2025-08-07 07:35:00', '경미한 이상', '치료 진행 중'),
       (121, 10, 20, 50, 231, 0, '2025-08-21 15:00:00', '2025-08-21 06:40:00', '완치', '추가 관찰 필요'),
       (122, 15, 29, 11, 107, 1, '2025-08-11 15:00:00', '2025-08-11 06:50:00', '완치', '정기검진 완료'),
       (123, 37, 74, 92, 257, 1, '2025-08-03 10:00:00', '2025-08-03 02:08:00', '정상', '추가 관찰 필요'),
       (124, 25, 49, 123, 241, 1, '2025-08-29 9:00:00', '2025-08-29 01:07:00', '추가 검사 필요', '치료 진행 중'),
       (125, 49, 97, 94, 186, 1, '2025-08-05 10:00:00', '2025-08-05 02:13:00', '경미한 이상', '추가 관찰 필요'),
       (126, 9, 18, 42, 137, 0, '2025-08-02 16:00:00', '2025-08-02 07:51:00', '정상', '추가 관찰 필요'),
       (127, 16, 32, 81, 54, 1, '2025-08-19 13:00:00', '2025-08-19 05:29:00', '경미한 이상', '정기검진 완료'),
       (128, 12, 23, 92, 62, 1, '2025-08-06 15:00:00', '2025-08-06 06:33:00', '치료 필요', '건강상태 양호'),
       (129, 15, 29, 81, 240, 0, '2025-08-16 11:00:00', '2025-08-16 02:56:00', '완치', '치료 진행 중'),
       (130, 39, 78, 31, 174, 0, '2025-08-23 14:00:00', '2025-08-23 05:50:00', '치료 필요', '예방접종 실시'),
       (131, 21, 42, 65, 296, 1, '2025-08-30 16:00:00', '2025-08-30 07:55:00', '치료 필요', '건강상태 양호'),
       (132, 9, 18, 149, 179, 1, '2025-08-03 10:00:00', '2025-08-03 02:02:00', '추가 검사 필요', '예방접종 실시'),
       (133, 37, 74, 23, 295, 1, '2025-08-25 16:00:00', '2025-08-25 08:28:00', '완치', '예방접종 실시'),
       (134, 22, 43, 14, 290, 1, '2025-08-17 9:00:00', '2025-08-17 01:02:00', '치료 필요', '치료 진행 중'),
       (135, 49, 97, 10, 181, 1, '2025-08-06 11:00:00', '2025-08-06 02:35:00', '추가 검사 필요', '건강상태 양호'),
       (136, 35, 70, 149, 239, 1, '2025-08-24 11:00:00', '2025-08-24 02:37:00', '경미한 이상', '추가 관찰 필요'),
       (137, 29, 58, 97, 41, 1, '2025-08-25 11:00:00', '2025-08-25 02:45:00', '완치', '건강상태 양호'),
       (138, 14, 27, 53, 111, 0, '2025-08-27 12:00:00', '2025-08-27 03:58:00', '치료 필요', '예방접종 실시'),
       (139, 7, 13, 64, 122, 1, '2025-08-02 11:00:00', '2025-08-02 02:56:00', '정상', '건강상태 양호'),
       (140, 21, 42, 84, 145, 1, '2025-08-09 13:00:00', '2025-08-09 04:46:00', '경미한 이상', '추가 관찰 필요'),
       (141, 14, 28, 121, 112, 0, '2025-08-30 13:00:00', '2025-08-30 04:37:00', '경미한 이상', '치료 진행 중'),
       (142, 3, 5, 67, 255, 1, '2025-08-02 13:00:00', '2025-08-02 05:05:00', '경미한 이상', '정기검진 완료'),
       (143, 41, 82, 99, 151, 0, '2025-08-24 15:00:00', '2025-08-24 07:27:00', '경미한 이상', '예방접종 실시'),
       (144, 41, 82, 12, 1, 0, '2025-08-25 16:00:00', '2025-08-25 07:53:00', '완치', '건강상태 양호'),
       (145, 17, 34, 112, 140, 1, '2025-08-05 11:00:00', '2025-08-05 03:09:00', '정상', '정기검진 완료'),
       (146, 20, 39, 138, 129, 0, '2025-08-12 9:00:00', '2025-08-12 00:37:00', '추가 검사 필요', '예방접종 실시'),
       (147, 25, 49, 136, 179, 1, '2025-08-01 16:00:00', '2025-08-01 08:03:00', '추가 검사 필요', '치료 진행 중'),
       (148, 37, 73, 49, 276, 1, '2025-08-20 16:00:00', '2025-08-20 08:29:00', '경미한 이상', '치료 진행 중'),
       (149, 33, 65, 89, 230, 1, '2025-08-01 9:00:00', '2025-08-01 00:36:00', '완치', '정기검진 완료'),
       (150, 25, 50, 59, 233, 0, '2025-08-11 10:00:00', '2025-08-11 01:35:00', '추가 검사 필요', '정기검진 완료'),
       (151, 35, 70, 93, 120, 1, '2025-08-08 11:00:00', '2025-08-08 03:20:00', '완치', '예방접종 실시'),
       (152, 27, 53, 70, 136, 1, '2025-08-30 12:00:00', '2025-08-30 03:37:00', '경미한 이상', '예방접종 실시'),
       (153, 47, 94, 125, 243, 1, '2025-08-29 12:00:00', '2025-08-29 04:07:00', '추가 검사 필요', '치료 진행 중'),
       (154, 6, 11, 116, 254, 1, '2025-08-08 14:00:00', '2025-08-08 06:05:00', '치료 필요', '치료 진행 중'),
       (155, 17, 34, 72, 26, 1, '2025-08-20 11:00:00', '2025-08-20 03:18:00', '완치', '치료 진행 중'),
       (156, 15, 29, 16, 146, 1, '2025-08-11 10:00:00', '2025-08-11 01:58:00', '정상', '정기검진 완료'),
       (157, 26, 52, 147, 225, 1, '2025-08-21 10:00:00', '2025-08-21 02:28:00', '추가 검사 필요', '정기검진 완료'),
       (158, 21, 41, 23, 108, 0, '2025-08-18 10:00:00', '2025-08-18 01:42:00', '경미한 이상', '정기검진 완료'),
       (159, 23, 45, 82, 262, 1, '2025-08-29 13:00:00', '2025-08-29 04:37:00', '정상', '예방접종 실시'),
       (160, 39, 77, 50, 232, 1, '2025-08-30 16:00:00', '2025-08-30 08:27:00', '완치', '정기검진 완료'),
       (161, 22, 44, 137, 116, 1, '2025-08-21 12:00:00', '2025-08-21 04:28:00', '치료 필요', '추가 관찰 필요'),
       (162, 15, 30, 102, 271, 1, '2025-08-12 9:00:00', '2025-08-12 00:40:00', '추가 검사 필요', '추가 관찰 필요'),
       (163, 32, 64, 63, 268, 1, '2025-08-17 11:00:00', '2025-08-17 03:21:00', '완치', '치료 진행 중'),
       (164, 24, 48, 58, 100, 1, '2025-08-24 14:00:00', '2025-08-24 06:25:00', '경미한 이상', '예방접종 실시'),
       (165, 45, 89, 144, 127, 1, '2025-08-22 12:00:00', '2025-08-22 04:05:00', '치료 필요', '건강상태 양호'),
       (166, 42, 84, 117, 13, 0, '2025-08-29 10:00:00', '2025-08-29 02:08:00', '경미한 이상', '예방접종 실시'),
       (167, 24, 48, 36, 102, 0, '2025-08-11 12:00:00', '2025-08-11 04:27:00', '경미한 이상', '치료 진행 중'),
       (168, 45, 89, 4, 216, 1, '2025-08-24 9:00:00', '2025-08-24 01:28:00', '완치', '추가 관찰 필요'),
       (169, 23, 46, 24, 223, 1, '2025-08-29 10:00:00', '2025-08-29 02:02:00', '치료 필요', '치료 진행 중'),
       (170, 50, 99, 13, 167, 0, '2025-08-12 14:00:00', '2025-08-12 06:15:00', '정상', '치료 진행 중'),
       (171, 16, 32, 65, 174, 1, '2025-08-16 15:00:00', '2025-08-16 06:59:00', '치료 필요', '예방접종 실시'),
       (172, 50, 99, 70, 22, 0, '2025-08-25 16:00:00', '2025-08-25 08:17:00', '경미한 이상', '건강상태 양호'),
       (173, 1, 1, 34, 96, 1, '2025-08-14 15:00:00', '2025-08-14 06:53:00', '치료 필요', '치료 진행 중'),
       (174, 1, 2, 18, 298, 0, '2025-08-22 15:00:00', '2025-08-22 06:38:00', '경미한 이상', '추가 관찰 필요'),
       (175, 49, 98, 17, 147, 1, '2025-08-27 16:00:00', '2025-08-27 07:55:00', '추가 검사 필요', '추가 관찰 필요'),
       (176, 23, 45, 59, 9, 1, '2025-08-20 13:00:00', '2025-08-20 05:03:00', '추가 검사 필요', '예방접종 실시'),
       (177, 27, 54, 127, 160, 1, '2025-08-07 9:00:00', '2025-08-07 00:30:00', '치료 필요', '예방접종 실시'),
       (178, 2, 4, 73, 84, 1, '2025-08-18 15:00:00', '2025-08-18 06:40:00', '치료 필요', '치료 진행 중'),
       (179, 21, 41, 105, 37, 1, '2025-08-13 15:00:00', '2025-08-13 06:50:00', '추가 검사 필요', '치료 진행 중'),
       (180, 1, 1, 138, 224, 0, '2025-08-28 13:00:00', '2025-08-28 05:29:00', '완치', '치료 진행 중'),
       (181, 45, 90, 32, 269, 1, '2025-08-19 10:00:00', '2025-08-19 02:07:00', '완치', '예방접종 실시'),
       (182, 29, 57, 58, 290, 1, '2025-08-16 15:00:00', '2025-08-16 07:19:00', '정상', '건강상태 양호'),
       (183, 42, 84, 73, 80, 1, '2025-08-05 12:00:00', '2025-08-05 04:01:00', '경미한 이상', '예방접종 실시'),
       (184, 7, 14, 30, 232, 1, '2025-08-11 16:00:00', '2025-08-11 08:09:00', '정상', '예방접종 실시'),
       (185, 50, 99, 100, 20, 0, '2025-08-20 14:00:00', '2025-08-20 06:24:00', '추가 검사 필요', '추가 관찰 필요'),
       (186, 20, 39, 4, 147, 1, '2025-08-21 15:00:00', '2025-08-21 07:06:00', '추가 검사 필요', '건강상태 양호'),
       (187, 47, 94, 19, 247, 1, '2025-08-27 12:00:00', '2025-08-27 04:03:00', '정상', '정기검진 완료'),
       (188, 36, 71, 67, 253, 1, '2025-08-22 10:00:00', '2025-08-22 02:18:00', '경미한 이상', '추가 관찰 필요'),
       (189, 37, 73, 122, 247, 1, '2025-08-03 13:00:00', '2025-08-03 05:00:00', '정상', '정기검진 완료'),
       (190, 9, 18, 117, 266, 0, '2025-08-26 14:00:00', '2025-08-26 06:19:00', '경미한 이상', '건강상태 양호'),
       (191, 13, 26, 133, 135, 1, '2025-08-24 12:00:00', '2025-08-24 04:22:00', '경미한 이상', '정기검진 완료'),
       (192, 13, 26, 20, 90, 0, '2025-08-16 13:00:00', '2025-08-16 05:10:00', '경미한 이상', '추가 관찰 필요'),
       (193, 46, 92, 115, 212, 0, '2025-08-02 12:00:00', '2025-08-02 04:12:00', '정상', '건강상태 양호'),
       (194, 10, 19, 56, 272, 0, '2025-08-27 11:00:00', '2025-08-27 02:44:00', '경미한 이상', '정기검진 완료'),
       (195, 3, 5, 145, 83, 1, '2025-08-24 15:00:00', '2025-08-24 06:39:00', '정상', '치료 진행 중'),
       (196, 36, 71, 110, 39, 1, '2025-08-14 15:00:00', '2025-08-14 06:40:00', '치료 필요', '치료 진행 중'),
       (197, 29, 57, 84, 65, 1, '2025-08-02 13:00:00', '2025-08-02 05:00:00', '경미한 이상', '건강상태 양호'),
       (198, 38, 76, 34, 16, 1, '2025-08-12 16:00:00', '2025-08-12 07:33:00', '완치', '건강상태 양호'),
       (199, 10, 20, 49, 286, 1, '2025-08-01 13:00:00', '2025-08-01 05:24:00', '추가 검사 필요', '추가 관찰 필요'),
       (200, 11, 21, 81, 6, 1, '2025-08-13 11:00:00', '2025-08-13 03:27:00', '치료 필요', '건강상태 양호');

