-- 1. AUTH 테이블 더미데이터
INSERT INTO auth (email)
VALUES ('dksdks@kakao.com'),
       ('user2@example.com'),
       ('user3@example.com'),
       ('user4@example.com'),
       ('user5@example.com'),
       ('user6@example.com'),
       ('user7@example.com'),
       ('user8@example.com'),
       ('user9@example.com'),
       ('user10@example.com'),
       ('user11@example.com'),
       ('user12@example.com'),
       ('user13@example.com'),
       ('user14@example.com'),
       ('user15@example.com'),
       ('user16@example.com'),
       ('user17@example.com'),
       ('user18@example.com'),
       ('user19@example.com'),
       ('user20@example.com'),
       ('user21@example.com'),
       ('user22@example.com'),
       ('user23@example.com'),
       ('user24@example.com'),
       ('user25@example.com'),
       ('user26@example.com'),
       ('user27@example.com'),
       ('user28@example.com'),
       ('user29@example.com'),
       ('user30@example.com'),
       ('user31@example.com'),
       ('user32@example.com'),
       ('user33@example.com'),
       ('user34@example.com'),
       ('user35@example.com'),
       ('user36@example.com'),
       ('user37@example.com'),
       ('user38@example.com'),
       ('user39@example.com'),
       ('user40@example.com'),
       ('user41@example.com'),
       ('user42@example.com'),
       ('user43@example.com'),
       ('user44@example.com'),
       ('user45@example.com'),
       ('user46@example.com'),
       ('user47@example.com'),
       ('user48@example.com'),
       ('user49@example.com'),
       ('user50@example.com');

-- 2. OWNER 테이블 더미데이터
INSERT INTO owner (auth_id, name, phone, birth)
VALUES (1, '안성수', '010-7876-2453', '2000-02-17'),
       (2, '이영희', '010-7593-3801', '2009-02-09'),
       (3, '박철수', '010-7549-6635', '1998-02-22'),
       (4, '최지연', '010-8988-5464', '1981-01-12'),
       (5, '정민호', '010-8445-2175', '1970-04-20'),
       (6, '강수진', '010-7746-9704', '1985-06-21'),
       (7, '조영진', '010-9417-1739', '1989-05-02'),
       (8, '윤서연', '010-1028-4823', '2009-04-08'),
       (9, '장민석', '010-6562-3960', '1972-04-16'),
       (10, '한지우', '010-6262-2719', '1979-04-19'),
       (11, '신동현', '010-3887-5494', '1975-07-28'),
       (12, '오미진', '010-1893-8176', '1980-10-22'),
       (13, '임재훈', '010-9588-5137', '2003-10-12'),
       (14, '송하영', '010-4522-7277', '1971-02-24'),
       (15, '노성민', '010-1188-1213', '2002-06-17'),
       (16, '안효정', '010-9440-3780', '1970-03-18'),
       (17, '배준혁', '010-7474-1774', '2000-11-08'),
       (18, '원지은', '010-1118-5986', '2007-08-13'),
       (19, '홍성우', '010-7396-7464', '2009-02-25'),
       (20, '문예린', '010-8687-2997', '1991-11-24'),
       (21, '서태준', '010-2747-4677', '2002-02-11'),
       (22, '권민아', '010-9567-7288', '2004-11-24'),
       (23, '유현우', '010-3459-7462', '1978-08-04'),
       (24, '백소영', '010-9992-4737', '1990-11-14'),
       (25, '남기석', '010-2349-6588', '2004-09-25'),
       (26, '황지수', '010-5063-4977', '2005-04-14'),
       (27, '전민재', '010-4733-3695', '2002-10-01'),
       (28, '곽은비', '010-3989-4692', '2009-03-27'),
       (29, '마성호', '010-8796-9809', '1998-05-04'),
       (30, '구지윤', '010-2944-7877', '2005-07-22'),
       (31, '심재원', '010-4228-9663', '1987-03-16'),
       (32, '지민경', '010-7373-4807', '1977-12-08'),
       (33, '엄태현', '010-9925-5971', '2006-02-08'),
       (34, '갈수빈', '010-3943-9142', '1979-05-02'),
       (35, '변준서', '010-2263-7738', '1995-03-26'),
       (36, '표시연', '010-2103-8989', '1983-01-28'),
       (37, '양민규', '010-8097-6508', '1996-11-19'),
       (38, '반예진', '010-1742-3687', '1973-02-19'),
       (39, '나호진', '010-8087-2957', '2002-02-07'),
       (40, '채서진', '010-1504-6105', '1989-11-20'),
       (41, '김민수', '010-3169-2226', '2005-11-28'),
       (42, '이영희', '010-8614-2020', '1980-08-07'),
       (43, '박철수', '010-9045-8109', '1992-09-26'),
       (44, '최지연', '010-6794-8174', '2001-11-14'),
       (45, '정민호', '010-8767-3450', '2004-12-03'),
       (46, '강수진', '010-4403-3753', '1993-04-25'),
       (47, '조영진', '010-7561-1250', '1983-08-23'),
       (48, '윤서연', '010-1838-6245', '1998-04-15'),
       (49, '장민석', '010-3948-1457', '1989-07-22'),
       (50, '한지우', '010-2613-1968', '1999-03-03');

-- 3. PET 테이블 더미데이터
INSERT INTO pet (pet_code, name, species, photo, gender, age, weight)
VALUES ('PET001', '안성수', 'DOG', NULL, 'MALE', 4, 30),
       ('PET002', '나비', 'CAT', NULL, 'FEMALE', 14, 21),
       ('PET003', '망고', 'CAT', NULL, 'FEMALE', 4, 3),
       ('PET004', '루루', 'CAT', NULL, 'MALE', 3, 20),
       ('PET005', '보리', 'DOG', NULL, 'FEMALE', 5, 18),
       ('PET006', '콩이', 'DOG', NULL, 'MALE', 7, 21),
       ('PET007', '두부', 'DOG', NULL, 'FEMALE', 5, 19),
       ('PET008', '치즈', 'DOG', NULL, 'MALE', 12, 16),
       ('PET009', '쿠키', 'OTHER', NULL, 'FEMALE', 6, 1),
       ('PET010', '모찌', 'CAT', NULL, 'MALE', 8, 20),
       ('PET011', '바둑이', 'OTHER', NULL, 'MALE', 4, 28),
       ('PET012', '흰둥이', 'CAT', NULL, 'MALE', 13, 20),
       ('PET013', '검둥이', 'OTHER', NULL, 'FEMALE', 2, 16),
       ('PET014', '누렁이', 'CAT', NULL, 'FEMALE', 10, 21),
       ('PET015', '점박이', 'OTHER', NULL, 'FEMALE', 7, 5),
       ('PET016', '깜순이', 'CAT', NULL, 'FEMALE', 1, 7),
       ('PET017', '복슬이', 'DOG', NULL, 'MALE', 4, 4),
       ('PET018', '꼬마', 'OTHER', NULL, 'MALE', 10, 2),
       ('PET019', '멍멍이', 'OTHER', NULL, 'FEMALE', 12, 17),
       ('PET020', '야옹이', 'OTHER', NULL, 'FEMALE', 12, 22),
       ('PET021', '뽀삐', 'OTHER', NULL, 'MALE', 14, 12),
       ('PET022', '까미', 'DOG', NULL, 'FEMALE', 13, 3),
       ('PET023', '하양이', 'DOG', NULL, 'FEMALE', 2, 29),
       ('PET024', '까까', 'DOG', NULL, 'FEMALE', 13, 5),
       ('PET025', '점점이', 'DOG', NULL, 'FEMALE', 6, 3),
       ('PET026', '털보', 'CAT', NULL, 'FEMALE', 12, 20),
       ('PET027', '삐삐', 'DOG', NULL, 'FEMALE', 6, 26),
       ('PET028', '코코', 'CAT', NULL, 'FEMALE', 11, 30),
       ('PET029', '미미', 'DOG', NULL, 'FEMALE', 10, 21),
       ('PET030', '토토', 'OTHER', NULL, 'FEMALE', 15, 19),
       ('PET031', '피피', 'CAT', NULL, 'MALE', 4, 26),
       ('PET032', '지지', 'OTHER', NULL, 'FEMALE', 9, 20),
       ('PET033', '키키', 'CAT', NULL, 'MALE', 4, 23),
       ('PET034', '리리', 'CAT', NULL, 'MALE', 4, 17),
       ('PET035', '마르', 'DOG', NULL, 'FEMALE', 10, 25),
       ('PET036', '베르', 'OTHER', NULL, 'MALE', 12, 21),
       ('PET037', '체리', 'CAT', NULL, 'MALE', 7, 1),
       ('PET038', '블루', 'DOG', NULL, 'MALE', 10, 11),
       ('PET039', '골드', 'CAT', NULL, 'MALE', 8, 20),
       ('PET040', '실버', 'DOG', NULL, 'FEMALE', 9, 21),
       ('PET041', '레드', 'DOG', NULL, 'MALE', 7, 13),
       ('PET042', '그린', 'OTHER', NULL, 'MALE', 11, 23),
       ('PET043', '초코2', 'OTHER', NULL, 'FEMALE', 11, 18),
       ('PET044', '나비2', 'OTHER', NULL, 'FEMALE', 9, 1),
       ('PET045', '망고2', 'DOG', NULL, 'MALE', 8, 26),
       ('PET046', '루루2', 'DOG', NULL, 'FEMALE', 15, 15),
       ('PET047', '보리2', 'DOG', NULL, 'MALE', 13, 6),
       ('PET048', '콩이2', 'CAT', NULL, 'MALE', 6, 27),
       ('PET049', '두부2', 'DOG', NULL, 'MALE', 3, 2),
       ('PET050', '치즈2', 'OTHER', NULL, 'FEMALE', 3, 8);

-- 4. OWNER_PET 테이블 더미데이터
INSERT INTO owner_pet (owner_id, pet_id)
VALUES (1, 1),
       (1, 2),
       (1, 3),
       (2, 4),
       (2, 5),
       (3, 6),
       (3, 7),
       (4, 8),
       (4, 9),
       (5, 10),
       (6, 11),
       (7, 12),
       (7, 13),
       (7, 14),
       (8, 15),
       (9, 16),
       (10, 17),
       (10, 18),
       (11, 19),
       (11, 20),
       (11, 21),
       (12, 22),
       (13, 23),
       (14, 24),
       (15, 25),
       (15, 26),
       (16, 27),
       (16, 28),
       (17, 29),
       (18, 30),
       (18, 31),
       (19, 32),
       (19, 33),
       (19, 34),
       (20, 35),
       (20, 36),
       (20, 37),
       (21, 38),
       (22, 39),
       (22, 40),
       (22, 41),
       (23, 42),
       (23, 43),
       (24, 44),
       (24, 45),
       (25, 46),
       (25, 47),
       (25, 48),
       (26, 49),
       (27, 50);

-- 5. VET 테이블 더미데이터
INSERT INTO vet (hospital_id, auth_id, name, license, profile, photo)
VALUES (1, 1, '안성수', 'VET-00001', '내과 전문', NULL),
       (1, 2, '이영희', 'VET-00002', '치과 전문', NULL),
       (1, 3, '박철수', 'VET-00003', '내과 전문', NULL),
       (1, 4, '최지연', 'VET-00004', '안과 전문', NULL),
       (1, 5, '정민호', 'VET-00005', '피부과 전문', NULL),
       (1, 6, '강수진', 'VET-00006', '피부과 전문', NULL),
       (4, 7, '조영진', 'VET-00007', '치과 전문', NULL),
       (4, 8, '윤서연', 'VET-00008', '치과 전문', NULL),
       (5, 9, '장민석', 'VET-00009', '안과 전문', NULL),
       (5, 10, '한지우', 'VET-00010', '치과 전문', NULL),
       (6, 11, '신동현', 'VET-00011', '안과 전문', NULL),
       (6, 12, '오미진', 'VET-00012', '피부과 전문', NULL),
       (7, 13, '임재훈', 'VET-00013', '피부과 전문', NULL),
       (7, 14, '송하영', 'VET-00014', '내과 전문', NULL),
       (8, 15, '노성민', 'VET-00015', '내과 전문', NULL),
       (8, 16, '안효정', 'VET-00016', '안과 전문', NULL),
       (9, 17, '배준혁', 'VET-00017', '내과 전문', NULL),
       (9, 18, '원지은', 'VET-00018', '피부과 전문', NULL),
       (10, 19, '홍성우', 'VET-00019', '외과 전문', NULL),
       (10, 20, '문예린', 'VET-00020', '치과 전문', NULL),
       (11, 21, '서태준', 'VET-00021', '피부과 전문', NULL),
       (11, 22, '권민아', 'VET-00022', '피부과 전문', NULL),
       (12, 23, '유현우', 'VET-00023', '치과 전문', NULL),
       (12, 24, '백소영', 'VET-00024', '외과 전문', NULL),
       (13, 25, '남기석', 'VET-00025', '안과 전문', NULL),
       (13, 26, '황지수', 'VET-00026', '안과 전문', NULL),
       (14, 27, '전민재', 'VET-00027', '외과 전문', NULL),
       (14, 28, '곽은비', 'VET-00028', '외과 전문', NULL),
       (15, 29, '마성호', 'VET-00029', '안과 전문', NULL),
       (15, 30, '구지윤', 'VET-00030', '피부과 전문', NULL),
       (16, 31, '심재원', 'VET-00031', '안과 전문', NULL),
       (16, 32, '지민경', 'VET-00032', '내과 전문', NULL),
       (17, 33, '엄태현', 'VET-00033', '내과 전문', NULL),
       (17, 34, '갈수빈', 'VET-00034', '안과 전문', NULL),
       (18, 35, '변준서', 'VET-00035', '내과 전문', NULL),
       (18, 36, '표시연', 'VET-00036', '치과 전문', NULL),
       (19, 37, '양민규', 'VET-00037', '안과 전문', NULL),
       (19, 38, '반예진', 'VET-00038', '치과 전문', NULL),
       (20, 39, '나호진', 'VET-00039', '외과 전문', NULL),
       (20, 40, '채서진', 'VET-00040', '피부과 전문', NULL),
       (21, 41, '김민수', 'VET-00041', '치과 전문', NULL),
       (21, 42, '이영희', 'VET-00042', '내과 전문', NULL),
       (22, 43, '박철수', 'VET-00043', '피부과 전문', NULL),
       (22, 44, '최지연', 'VET-00044', '치과 전문', NULL),
       (23, 45, '정민호', 'VET-00045', '치과 전문', NULL),
       (23, 46, '강수진', 'VET-00046', '안과 전문', NULL),
       (24, 47, '조영진', 'VET-00047', '안과 전문', NULL),
       (24, 48, '윤서연', 'VET-00048', '안과 전문', NULL),
       (25, 49, '장민석', 'VET-00049', '치과 전문', NULL),
       (25, 50, '한지우', 'VET-00050', '치과 전문', NULL);

-- 6. STAFF 테이블 더미데이터
INSERT INTO staff (hospital_id, auth_id, name)
VALUES (1, 1, '안성수'),
       (1, 2, '이영희'),
       (1, 3, '박철수'),
       (2, 4, '최지연'),
       (2, 5, '정민호'),
       (2, 6, '강수진'),
       (3, 7, '조영진'),
       (3, 8, '윤서연'),
       (3, 9, '장민석'),
       (4, 10, '한지우'),
       (4, 11, '신동현'),
       (4, 12, '오미진'),
       (5, 13, '임재훈'),
       (5, 14, '송하영'),
       (5, 15, '노성민'),
       (6, 16, '안효정'),
       (6, 17, '배준혁'),
       (6, 18, '원지은'),
       (7, 19, '홍성우'),
       (7, 20, '문예린'),
       (7, 21, '서태준'),
       (8, 22, '권민아'),
       (8, 23, '유현우'),
       (8, 24, '백소영'),
       (9, 25, '남기석'),
       (9, 26, '황지수'),
       (9, 27, '전민재'),
       (10, 28, '곽은비'),
       (10, 29, '마성호'),
       (10, 30, '구지윤'),
       (11, 31, '심재원'),
       (11, 32, '지민경'),
       (11, 33, '엄태현'),
       (12, 34, '갈수빈'),
       (12, 35, '변준서'),
       (12, 36, '표시연'),
       (13, 37, '양민규'),
       (13, 38, '반예진'),
       (13, 39, '나호진'),
       (14, 40, '채서진'),
       (14, 41, '김민수'),
       (14, 42, '이영희'),
       (15, 43, '박철수'),
       (15, 44, '최지연'),
       (15, 45, '정민호'),
       (16, 46, '강수진'),
       (16, 47, '조영진'),
       (16, 48, '윤서연'),
       (17, 49, '장민석'),
       (17, 50, '한지우');

-- 7. WORKING_HOUR 테이블 더미데이터
INSERT INTO working_hour (vet_id, day, start_time, end_time)
VALUES (1, 'MON', 10, 18),
       (1, 'TUE', 10, 17),
       (1, 'WED', 8, 18),
       (1, 'THU', 9, 18),
       (1, 'FRI', 8, 19),
       (1, 'SAT', 8, 18),
       (1, 'SUN', 9, 18),
       (2, 'MON', 8, 17),
       (2, 'TUE', 8, 18),
       (2, 'WED', 10, 18),
       (2, 'THU', 8, 18),
       (2, 'FRI', 10, 18),
       (2, 'SAT', 8, 18),
       (2, 'SUN', 9, 18),
       (3, 'MON', 8, 17),
       (3, 'TUE', 10, 18),
       (3, 'WED', 9, 17),
       (3, 'THU', 9, 17),
       (3, 'FRI', 10, 17),
       (3, 'SAT', 10, 19),
       (3, 'SUN', 10, 17),
       (4, 'MON', 10, 18),
       (4, 'TUE', 9, 17),
       (4, 'WED', 9, 19),
       (4, 'THU', 9, 17),
       (4, 'FRI', 10, 18),
       (4, 'SAT', 9, 18),
       (4, 'SUN', 8, 17),
       (5, 'MON', 9, 17),
       (5, 'TUE', 10, 18),
       (5, 'WED', 9, 18),
       (5, 'THU', 9, 18),
       (5, 'FRI', 8, 19),
       (5, 'SAT', 9, 19),
       (5, 'SUN', 9, 17),
       (6, 'MON', 8, 18),
       (6, 'TUE', 9, 17),
       (6, 'WED', 8, 17),
       (6, 'THU', 9, 17),
       (6, 'FRI', 9, 17),
       (6, 'SAT', 10, 17),
       (6, 'SUN', 8, 19),
       (7, 'MON', 10, 19),
       (7, 'TUE', 10, 19),
       (7, 'WED', 8, 17),
       (7, 'THU', 10, 17),
       (7, 'FRI', 8, 17),
       (7, 'SAT', 8, 17),
       (7, 'SUN', 8, 19),
       (8, 'MON', 9, 17),
       (8, 'TUE', 9, 18),
       (8, 'WED', 8, 17),
       (8, 'THU', 9, 19),
       (8, 'FRI', 9, 17),
       (8, 'SAT', 9, 18),
       (8, 'SUN', 8, 17),
       (9, 'MON', 9, 19),
       (9, 'TUE', 8, 19),
       (9, 'WED', 8, 19),
       (9, 'THU', 9, 18),
       (9, 'FRI', 9, 17),
       (9, 'SAT', 8, 18),
       (9, 'SUN', 10, 18),
       (10, 'MON', 10, 18),
       (10, 'TUE', 8, 19),
       (10, 'WED', 9, 18),
       (10, 'THU', 10, 17),
       (10, 'FRI', 10, 18),
       (10, 'SAT', 10, 17),
       (10, 'SUN', 10, 18),
       (11, 'MON', 8, 19),
       (11, 'TUE', 10, 18),
       (11, 'WED', 10, 19),
       (11, 'THU', 10, 18),
       (11, 'FRI', 9, 18),
       (11, 'SAT', 8, 19),
       (11, 'SUN', 10, 17),
       (12, 'MON', 10, 17),
       (12, 'TUE', 10, 19),
       (12, 'WED', 10, 17),
       (12, 'THU', 9, 18),
       (12, 'FRI', 9, 19),
       (12, 'SAT', 9, 18),
       (12, 'SUN', 8, 19),
       (13, 'MON', 9, 17),
       (13, 'TUE', 10, 17),
       (13, 'WED', 8, 17),
       (13, 'THU', 9, 19),
       (13, 'FRI', 8, 17),
       (13, 'SAT', 8, 19),
       (13, 'SUN', 9, 18),
       (14, 'MON', 8, 17),
       (14, 'TUE', 9, 17),
       (14, 'WED', 8, 19),
       (14, 'THU', 9, 18),
       (14, 'FRI', 10, 18),
       (14, 'SAT', 8, 19),
       (14, 'SUN', 8, 19),
       (15, 'MON', 10, 17),
       (15, 'TUE', 9, 18),
       (15, 'WED', 9, 18),
       (15, 'THU', 10, 17),
       (15, 'FRI', 10, 18),
       (15, 'SAT', 9, 19),
       (15, 'SUN', 10, 17),
       (16, 'MON', 10, 18),
       (16, 'TUE', 10, 18),
       (16, 'WED', 8, 18),
       (16, 'THU', 8, 19),
       (16, 'FRI', 10, 17),
       (16, 'SAT', 10, 17),
       (16, 'SUN', 10, 17),
       (17, 'MON', 9, 18),
       (17, 'TUE', 9, 19),
       (17, 'WED', 8, 19),
       (17, 'THU', 10, 19),
       (17, 'FRI', 8, 18),
       (17, 'SAT', 9, 19),
       (17, 'SUN', 9, 18),
       (18, 'MON', 10, 18),
       (18, 'TUE', 9, 19),
       (18, 'WED', 9, 17),
       (18, 'THU', 9, 19),
       (18, 'FRI', 9, 18),
       (18, 'SAT', 10, 18),
       (18, 'SUN', 9, 17),
       (19, 'MON', 8, 17),
       (19, 'TUE', 8, 17),
       (19, 'WED', 8, 18),
       (19, 'THU', 10, 19),
       (19, 'FRI', 10, 18),
       (19, 'SAT', 10, 17),
       (19, 'SUN', 9, 18),
       (20, 'MON', 10, 18),
       (20, 'TUE', 10, 17),
       (20, 'WED', 9, 19),
       (20, 'THU', 8, 17),
       (20, 'FRI', 8, 17),
       (20, 'SAT', 9, 19),
       (20, 'SUN', 8, 19),
       (21, 'MON', 9, 17),
       (21, 'TUE', 10, 17),
       (21, 'WED', 9, 19),
       (21, 'THU', 8, 18),
       (21, 'FRI', 9, 17),
       (21, 'SAT', 8, 18),
       (21, 'SUN', 9, 19),
       (22, 'MON', 10, 18),
       (22, 'TUE', 8, 19),
       (22, 'WED', 8, 18),
       (22, 'THU', 9, 17),
       (22, 'FRI', 9, 19),
       (22, 'SAT', 10, 18),
       (22, 'SUN', 10, 17),
       (23, 'MON', 9, 17),
       (23, 'TUE', 10, 17),
       (23, 'WED', 9, 18),
       (23, 'THU', 8, 17),
       (23, 'FRI', 9, 17),
       (23, 'SAT', 9, 18),
       (23, 'SUN', 10, 18),
       (24, 'MON', 10, 17),
       (24, 'TUE', 10, 17),
       (24, 'WED', 8, 17),
       (24, 'THU', 8, 19),
       (24, 'FRI', 8, 18),
       (24, 'SAT', 9, 18),
       (24, 'SUN', 10, 18),
       (25, 'MON', 10, 19),
       (25, 'TUE', 10, 19),
       (25, 'WED', 9, 19),
       (25, 'THU', 8, 17),
       (25, 'FRI', 10, 19),
       (25, 'SAT', 10, 19),
       (25, 'SUN', 8, 18),
       (26, 'MON', 8, 19),
       (26, 'TUE', 10, 17),
       (26, 'WED', 8, 17),
       (26, 'THU', 10, 18),
       (26, 'FRI', 8, 18),
       (26, 'SAT', 10, 19),
       (26, 'SUN', 10, 18),
       (27, 'MON', 8, 18),
       (27, 'TUE', 9, 18),
       (27, 'WED', 9, 17),
       (27, 'THU', 10, 19),
       (27, 'FRI', 9, 19),
       (27, 'SAT', 8, 19),
       (27, 'SUN', 9, 19),
       (28, 'MON', 9, 18),
       (28, 'TUE', 8, 18),
       (28, 'WED', 8, 19),
       (28, 'THU', 9, 17),
       (28, 'FRI', 8, 18),
       (28, 'SAT', 8, 18),
       (28, 'SUN', 9, 19),
       (29, 'MON', 10, 17),
       (29, 'TUE', 8, 18),
       (29, 'WED', 10, 19),
       (29, 'THU', 8, 19),
       (29, 'FRI', 10, 18),
       (29, 'SAT', 9, 17),
       (29, 'SUN', 9, 18),
       (30, 'MON', 8, 18),
       (30, 'TUE', 8, 19),
       (30, 'WED', 9, 17),
       (30, 'THU', 9, 17),
       (30, 'FRI', 10, 17),
       (30, 'SAT', 8, 17),
       (30, 'SUN', 8, 17),
       (31, 'MON', 10, 17),
       (31, 'TUE', 9, 17),
       (31, 'WED', 9, 17),
       (31, 'THU', 9, 19),
       (31, 'FRI', 9, 19),
       (31, 'SAT', 10, 19),
       (31, 'SUN', 10, 19),
       (32, 'MON', 8, 18),
       (32, 'TUE', 10, 19),
       (32, 'WED', 8, 19),
       (32, 'THU', 9, 17),
       (32, 'FRI', 8, 18),
       (32, 'SAT', 9, 19),
       (32, 'SUN', 9, 17),
       (33, 'MON', 10, 17),
       (33, 'TUE', 9, 19),
       (33, 'WED', 9, 18),
       (33, 'THU', 10, 18),
       (33, 'FRI', 9, 17),
       (33, 'SAT', 8, 19),
       (33, 'SUN', 8, 19),
       (34, 'MON', 10, 19),
       (34, 'TUE', 9, 19),
       (34, 'WED', 9, 17),
       (34, 'THU', 9, 19),
       (34, 'FRI', 8, 19),
       (34, 'SAT', 8, 17),
       (34, 'SUN', 8, 19),
       (35, 'MON', 10, 17),
       (35, 'TUE', 9, 18),
       (35, 'WED', 10, 18),
       (35, 'THU', 8, 17),
       (35, 'FRI', 10, 19),
       (35, 'SAT', 9, 19),
       (35, 'SUN', 8, 18),
       (36, 'MON', 8, 17),
       (36, 'TUE', 8, 19),
       (36, 'WED', 8, 17),
       (36, 'THU', 8, 18),
       (36, 'FRI', 9, 18),
       (36, 'SAT', 10, 17),
       (36, 'SUN', 8, 19),
       (37, 'MON', 9, 18),
       (37, 'TUE', 8, 18),
       (37, 'WED', 9, 17),
       (37, 'THU', 9, 17),
       (37, 'FRI', 9, 19),
       (37, 'SAT', 9, 19),
       (37, 'SUN', 10, 19),
       (38, 'MON', 8, 17),
       (38, 'TUE', 9, 19),
       (38, 'WED', 9, 17),
       (38, 'THU', 10, 18),
       (38, 'FRI', 10, 19),
       (38, 'SAT', 8, 17),
       (38, 'SUN', 8, 19),
       (39, 'MON', 10, 19),
       (39, 'TUE', 10, 18),
       (39, 'WED', 8, 17),
       (39, 'THU', 9, 17),
       (39, 'FRI', 10, 19),
       (39, 'SAT', 10, 18),
       (39, 'SUN', 8, 19),
       (40, 'MON', 8, 19),
       (40, 'TUE', 8, 19),
       (40, 'WED', 10, 17),
       (40, 'THU', 9, 19),
       (40, 'FRI', 8, 17),
       (40, 'SAT', 10, 18),
       (40, 'SUN', 9, 18),
       (41, 'MON', 9, 18),
       (41, 'TUE', 10, 17),
       (41, 'WED', 9, 19),
       (41, 'THU', 10, 18),
       (41, 'FRI', 8, 18),
       (41, 'SAT', 10, 19),
       (41, 'SUN', 10, 19),
       (42, 'MON', 9, 19),
       (42, 'TUE', 10, 17),
       (42, 'WED', 8, 19),
       (42, 'THU', 8, 18),
       (42, 'FRI', 9, 17),
       (42, 'SAT', 10, 19),
       (42, 'SUN', 9, 19),
       (43, 'MON', 10, 17),
       (43, 'TUE', 9, 19),
       (43, 'WED', 10, 17),
       (43, 'THU', 8, 18),
       (43, 'FRI', 10, 19),
       (43, 'SAT', 10, 18),
       (43, 'SUN', 9, 19),
       (44, 'MON', 8, 19),
       (44, 'TUE', 8, 19),
       (44, 'WED', 10, 19),
       (44, 'THU', 8, 19),
       (44, 'FRI', 10, 18),
       (44, 'SAT', 8, 17),
       (44, 'SUN', 8, 17),
       (45, 'MON', 10, 18),
       (45, 'TUE', 9, 17),
       (45, 'WED', 10, 19),
       (45, 'THU', 9, 17),
       (45, 'FRI', 10, 18),
       (45, 'SAT', 8, 18),
       (45, 'SUN', 8, 18),
       (46, 'MON', 8, 17),
       (46, 'TUE', 10, 18),
       (46, 'WED', 10, 18),
       (46, 'THU', 8, 17),
       (46, 'FRI', 10, 17),
       (46, 'SAT', 9, 18),
       (46, 'SUN', 9, 17),
       (47, 'MON', 10, 19),
       (47, 'TUE', 10, 19),
       (47, 'WED', 9, 17),
       (47, 'THU', 9, 18),
       (47, 'FRI', 9, 17),
       (47, 'SAT', 9, 19),
       (47, 'SUN', 9, 17),
       (48, 'MON', 9, 17),
       (48, 'TUE', 8, 19),
       (48, 'WED', 9, 18),
       (48, 'THU', 9, 17),
       (48, 'FRI', 9, 18),
       (48, 'SAT', 10, 19),
       (48, 'SUN', 8, 19),
       (49, 'MON', 10, 18),
       (49, 'TUE', 10, 17),
       (49, 'WED', 10, 17),
       (49, 'THU', 8, 17),
       (49, 'FRI', 10, 18),
       (49, 'SAT', 10, 18),
       (49, 'SUN', 10, 19),
       (50, 'MON', 9, 19),
       (50, 'TUE', 8, 18),
       (50, 'WED', 9, 19),
       (50, 'THU', 8, 17),
       (50, 'FRI', 8, 17),
       (50, 'SAT', 8, 19),
       (50, 'SUN', 8, 18);

-- 8. FIRST_TREATMENT 테이블 더미데이터
INSERT INTO first_treatment (hospital_id, pet_id, owner_id)
VALUES (1, 1, 1),
       (1, 2, 1);

-- 9. RESERVATION 테이블 더미데이터
INSERT INTO reservation (owner_id, pet_id, hospital_id, vet_id, reservation_day, reservation_time, photo, description,
                         subject, status, is_revisit)
VALUES (1, 1, 1, 1, '2025-08-13', 13, NULL, '예방접종', 'OPHTHALMOLOGY', 'APPROVED', FALSE),
       (1, 1, 1, 1, '2025-08-27', 15, NULL, '정기검진', 'ORTHOPEDICS', 'COMPLETED', FALSE),
       (1, 1, 1, 1, '2025-08-29', 15, NULL, '응급처치', 'DERMATOLOGY', 'REJECTED', TRUE),
       (1, 1, 1, 1, '2025-08-14', 9, NULL, '치료', 'DERMATOLOGY', 'REQUESTED', FALSE),
       (1, 2, 1, 2, '2025-08-04', 15, NULL, '상담', 'DENTAL', 'APPROVED', FALSE),
       (1, 2, 1, 2, '2025-08-25', 13, NULL, '정기검진', 'DERMATOLOGY', 'COMPLETED', FALSE),
       (1, 2, 1, 2, '2025-08-04', 15, NULL, '상담', 'OPHTHALMOLOGY', 'REJECTED', FALSE),
       (1, 2, 1, 2, '2025-08-26', 13, NULL, '정기검진', 'DENTAL', 'REQUESTED', TRUE);


-- 10. REJECTION 테이블 더미데이터
INSERT INTO rejection (reservation_id, reason)
VALUES (3, '수의사 콘서트 참석'),
       (7, '환자가 진상임');

-- 11. TREATMENT 테이블 더미데이터
INSERT INTO treatment (reservation_id, hospital_id, vet_id, owner_id, pet_id, is_completed, start_time, end_time,
                       result, ai_summary)
VALUES (1, 1, 1, 1, 1, 0,null ,null , null, null),
       (2, 1, 1, 1, 1, 1, '2025-08-06 11:00:00', '2025-08-06 03:27:00', '정상', '치료 진행 중'),
       (5, 1, 2, 1, 2, 0,null ,null , null, null ),
       (6, 1, 2, 1, 2, 1, '2025-08-22 16:00:00', '2025-08-22 08:20:00', '정상', '건강상태 양호');
